20221115,09:15:04,42590.00,1,50125
20221115,09:15:04,42590.00,25,50125
20221115,09:15:05,42650.00,175,50125
20221115,09:15:16,42672.90,25,50125
20221115,09:15:19,42681.10,50,50125
20221115,09:15:29,42681.10,50,50125
20221115,09:15:32,42681.15,25,50125
20221115,09:15:33,42681.70,25,50125
20221115,09:15:36,42683.55,25,50125
20221115,09:15:38,42683.55,25,50125
20221115,09:15:45,42690.00,150,50125
20221115,09:15:47,42695.00,50,50125
20221115,09:15:50,42695.00,100,50125
20221115,09:15:53,42686.45,250,50125
20221115,09:15:56,42685.70,50,50125
20221115,09:15:58,42695.00,50,50125
20221115,09:15:59,42700.00,300,50125
20221115,09:16:01,42705.00,25,50125
20221115,09:16:03,42720.00,25,50125
20221115,09:16:11,42720.00,25,50125
20221115,09:16:14,42720.00,50,50125
20221115,09:16:27,42689.05,25,50125
20221115,09:16:29,42716.30,25,50125
20221115,09:16:35,42695.85,25,50125
20221115,09:16:39,42690.25,25,50125
20221115,09:16:50,42680.00,25,50125
20221115,09:17:02,42680.00,25,50125
20221115,09:17:12,42683.25,25,50125
20221115,09:17:18,42683.85,50,50125
20221115,09:17:21,42690.25,25,50125
20221115,09:17:31,42695.00,25,49775
20221115,09:17:55,42690.25,25,49775
20221115,09:17:58,42695.05,25,49775
20221115,09:18:01,42698.00,75,49775
20221115,09:18:03,42700.00,100,49775
20221115,09:18:05,42705.00,150,49775
20221115,09:18:06,42710.00,25,49775
20221115,09:18:08,42722.65,275,49775
20221115,09:18:14,42721.20,100,49775
20221115,09:18:22,42713.40,25,49775
20221115,09:18:37,42689.90,25,49775
20221115,09:19:22,42687.00,25,49775
20221115,09:19:32,42687.30,25,49775
20221115,09:19:44,42681.15,50,49775
20221115,09:19:59,42689.90,25,49775
20221115,09:20:04,42691.70,25,49775
20221115,09:20:06,42680.00,100,49775
20221115,09:20:12,42674.10,25,49775
20221115,09:20:14,42679.45,25,49775
20221115,09:20:52,42692.40,25,49525
20221115,09:20:53,42692.40,50,49525
20221115,09:21:00,42690.00,25,49525
20221115,09:21:02,42689.80,25,49525
20221115,09:21:03,42697.60,25,49525
20221115,09:21:14,42691.45,50,49525
20221115,09:21:24,42680.70,25,49525
20221115,09:21:26,42677.30,50,49525
20221115,09:21:34,42672.35,50,49525
20221115,09:21:36,42677.20,25,49525
20221115,09:22:03,42674.20,25,49525
20221115,09:22:25,42668.50,25,49525
20221115,09:24:09,42665.00,25,49725
20221115,09:24:11,42665.00,225,49725
20221115,09:24:16,42668.50,50,49725
20221115,09:24:24,42674.00,25,49725
20221115,09:24:26,42672.35,25,49725
20221115,09:24:35,42670.00,25,49725
20221115,09:25:01,42670.00,25,49725
20221115,09:25:21,42660.05,25,49725
20221115,09:25:34,42665.00,25,49725
20221115,09:26:00,42665.05,25,49725
20221115,09:26:21,42670.00,25,49725
20221115,09:26:33,42665.00,50,49775
20221115,09:27:37,42660.00,50,49775
20221115,09:28:30,42637.00,25,49775
20221115,09:28:59,42637.00,25,49775
20221115,09:29:04,42629.00,25,49775
20221115,09:29:54,42620.00,200,49750
20221115,09:29:55,42620.00,100,49750
20221115,09:30:36,42625.00,50,49750
20221115,09:30:38,42625.00,100,49750
20221115,09:30:44,42624.70,25,49750
20221115,09:31:14,42630.75,25,49750
20221115,09:31:22,42625.00,50,49750
20221115,09:32:19,42636.55,25,49750
20221115,09:32:39,42649.70,25,49800
20221115,09:32:46,42660.00,25,49800
20221115,09:32:58,42665.00,25,49800
20221115,09:33:01,42665.00,25,49800
20221115,09:33:04,42670.00,50,49800
20221115,09:33:50,42658.45,75,49800
20221115,09:34:03,42658.45,25,49800
20221115,09:34:45,42656.25,25,49800
20221115,09:35:58,42650.00,25,49925
20221115,09:36:08,42666.40,50,49925
20221115,09:36:44,42655.00,250,49925
20221115,09:37:04,42650.00,25,49925
20221115,09:37:07,42655.00,150,49925
20221115,09:37:23,42655.00,50,49925
20221115,09:37:25,42655.00,50,49925
20221115,09:37:59,42645.15,25,49925
20221115,09:40:06,42646.15,25,50225
20221115,09:40:32,42649.20,25,50225
20221115,09:41:18,42657.05,25,50225
20221115,09:41:31,42666.00,25,50200
20221115,09:42:00,42666.00,25,50200
20221115,09:42:05,42670.00,25,50200
20221115,09:42:19,42680.00,75,50200
20221115,09:43:35,42669.00,25,50200
20221115,09:46:15,42656.15,250,50225
20221115,09:46:57,42650.00,50,50225
20221115,09:47:00,42649.30,25,50225
20221115,09:47:02,42649.30,200,50225
20221115,09:47:42,42640.00,25,50400
20221115,09:49:25,42625.00,25,50400
20221115,09:49:30,42620.00,25,50400
20221115,09:49:49,42625.00,25,50400
20221115,09:49:53,42625.00,25,50400
20221115,09:50:04,42620.00,25,50400
20221115,09:50:30,42627.70,25,50525
20221115,09:50:46,42620.00,25,50525
20221115,09:51:20,42620.00,50,50525
20221115,09:54:00,42640.00,25,50475
20221115,09:54:38,42643.05,25,50475
20221115,09:55:08,42619.30,25,50475
20221115,09:57:03,42637.00,25,50475
20221115,09:57:40,42632.80,25,50475
20221115,09:57:43,42637.00,25,50475
20221115,10:00:01,42660.00,25,50500
20221115,10:00:21,42657.50,50,50500
20221115,10:01:55,42646.25,525,50500
20221115,10:01:56,42647.10,450,50500
20221115,10:02:28,42647.50,25,50500
20221115,10:02:41,42652.20,125,50650
20221115,10:02:50,42649.45,50,50650
20221115,10:02:54,42651.20,475,50650
20221115,10:03:02,42650.80,25,50650
20221115,10:03:09,42648.50,25,50650
20221115,10:03:15,42653.50,25,50650
20221115,10:03:19,42656.55,100,50650
20221115,10:03:26,42654.50,150,50650
20221115,10:03:30,42652.80,50,50650
20221115,10:03:31,42653.95,125,50650
20221115,10:03:33,42652.25,25,50650
20221115,10:04:06,42646.30,50,50650
20221115,10:04:33,42648.00,25,50650
20221115,10:04:42,42647.00,75,50650
20221115,10:04:50,42651.90,100,50650
20221115,10:04:51,42651.90,25,50650
20221115,10:04:54,42651.25,25,50650
20221115,10:05:04,42655.00,25,50650
20221115,10:05:35,42656.05,50,51225
20221115,10:05:38,42656.05,100,51225
20221115,10:05:41,42656.00,25,51225
20221115,10:05:44,42655.95,50,51225
20221115,10:06:13,42660.00,75,51225
20221115,10:06:14,42660.00,100,51225
20221115,10:06:16,42664.00,25,51225
20221115,10:06:45,42671.95,25,51225
20221115,10:06:48,42674.00,25,51225
20221115,10:06:53,42669.50,25,51225
20221115,10:07:17,42670.00,25,51225
20221115,10:07:22,42667.35,50,51225
20221115,10:07:26,42670.00,50,51225
20221115,10:07:28,42670.00,800,51225
20221115,10:07:30,42670.00,125,51225
20221115,10:07:41,42679.00,25,51225
20221115,10:07:56,42680.00,25,51225
20221115,10:07:59,42684.00,25,51225
20221115,10:08:19,42686.35,25,51225
20221115,10:08:35,42683.70,25,51400
20221115,10:09:03,42677.80,25,51400
20221115,10:10:23,42677.00,25,51400
20221115,10:10:49,42674.85,50,51400
20221115,10:11:38,42674.00,125,51525
20221115,10:11:39,42677.00,25,51525
20221115,10:12:32,42670.00,25,51525
20221115,10:13:04,42675.00,25,51525
20221115,10:13:11,42675.00,50,51525
20221115,10:13:13,42684.25,25,51525
20221115,10:13:17,42685.00,25,51525
20221115,10:13:19,42689.60,25,51525
20221115,10:19:18,42687.70,100,51600
20221115,10:19:39,42690.00,75,51600
20221115,10:19:40,42697.50,50,51600
20221115,10:19:54,42699.00,75,51600
20221115,10:19:56,42700.00,100,51600
20221115,10:19:59,42700.00,50,51600
20221115,10:20:07,42700.00,200,51600
20221115,10:20:08,42700.00,100,51600
20221115,10:20:34,42697.85,50,51800
20221115,10:21:13,42699.85,25,51800
20221115,10:21:41,42691.80,25,51800
20221115,10:21:56,42699.00,25,51800
20221115,10:22:47,42695.65,50,51800
20221115,10:22:57,42700.00,50,51800
20221115,10:23:26,42699.95,25,51800
20221115,10:25:41,42688.80,25,51900
20221115,10:27:47,42682.00,25,51925
20221115,10:27:53,42676.00,25,51925
20221115,10:28:17,42681.65,25,51925
20221115,10:28:38,42687.15,25,51925
20221115,10:28:43,42688.80,25,51925
20221115,10:28:44,42695.55,25,51925
20221115,10:33:23,42678.80,75,52000
20221115,10:33:24,42672.55,50,52000
20221115,10:33:59,42672.05,25,52000
20221115,10:39:05,42652.65,25,52150
20221115,10:39:40,42652.00,25,52150
20221115,10:39:47,42651.00,25,52150
20221115,10:41:22,42650.00,25,52150
20221115,10:42:26,42655.00,250,52225
20221115,10:45:57,42651.20,25,52275
20221115,10:50:56,42654.00,25,52250
20221115,10:52:09,42677.30,25,52250
20221115,10:55:04,42668.30,25,52250
20221115,10:59:45,42659.90,50,52250
20221115,11:04:20,42650.00,25,52275
20221115,11:07:15,42640.55,75,52300
20221115,11:07:53,42648.45,75,52300
20221115,11:08:33,42641.55,25,52300
20221115,11:09:55,42640.00,25,52375
20221115,11:10:01,42640.00,25,52375
20221115,11:10:14,42638.00,25,52375
20221115,11:10:35,42633.55,75,52375
20221115,11:12:10,42650.00,50,52525
20221115,11:12:27,42655.15,50,52525
20221115,11:14:09,42650.00,25,52525
20221115,11:14:21,42650.00,25,52525
20221115,11:14:47,42639.75,25,52625
20221115,11:15:08,42641.95,25,52625
20221115,11:19:06,42641.95,25,52625
20221115,11:19:23,42640.00,25,52625
20221115,11:28:25,42654.85,25,52625
20221115,11:29:07,42650.00,25,52625
20221115,11:30:52,42644.00,25,52675
20221115,11:31:35,42639.00,25,52675
20221115,11:36:43,42643.95,50,52700
20221115,11:37:59,42644.00,25,52700
20221115,11:39:08,42639.70,25,52700
20221115,11:40:14,42658.35,50,52700
20221115,11:40:15,42660.85,25,52700
20221115,11:42:15,42657.00,25,52725
20221115,11:42:16,42657.00,25,52725
20221115,11:42:26,42655.00,25,52725
20221115,11:42:39,42654.55,25,52725
20221115,11:44:07,42672.95,75,52725
20221115,11:44:37,42667.70,50,52725
20221115,11:45:57,42655.00,25,52725
20221115,11:49:56,42639.00,25,52775
20221115,11:50:27,42639.00,50,52750
20221115,11:51:03,42641.85,50,52775
20221115,11:51:54,42630.00,50,52775
20221115,11:54:34,42630.15,25,52875
20221115,11:55:48,42638.20,25,52875
20221115,11:57:38,42638.50,25,52875
20221115,11:58:37,42635.00,25,52850
20221115,12:00:04,42625.00,75,52825
20221115,12:01:24,42640.00,25,52825
20221115,12:01:47,42647.95,25,52825
20221115,12:01:59,42646.15,25,52825
20221115,12:02:25,42646.95,25,52825
20221115,12:02:28,42646.15,25,52825
20221115,12:03:55,42646.00,25,52900
20221115,12:05:01,42640.00,25,52900
20221115,12:05:46,42635.00,25,52900
20221115,12:06:11,42630.00,75,52950
20221115,12:07:41,42630.20,25,52950
20221115,12:08:54,42624.40,25,52950
20221115,12:09:57,42633.80,25,52925
20221115,12:12:08,42618.00,125,52950
20221115,12:12:59,42623.40,50,52950
20221115,12:13:04,42623.40,25,52950
20221115,12:15:07,42623.45,50,53025
20221115,12:15:50,42623.50,25,53025
20221115,12:15:54,42612.25,75,53025
20221115,12:17:38,42615.80,75,53025
20221115,12:18:49,42624.65,25,53025
20221115,12:19:46,42615.00,175,53025
20221115,12:19:57,42612.00,25,53025
20221115,12:20:02,42607.55,25,53025
20221115,12:22:30,42616.95,25,53075
20221115,12:23:44,42629.80,25,53075
20221115,12:24:55,42629.80,25,53075
20221115,12:25:08,42640.00,50,53075
20221115,12:25:42,42650.50,25,53075
20221115,12:26:09,42659.85,25,53075
20221115,12:26:14,42660.00,50,53075
20221115,12:26:51,42660.00,25,53075
20221115,12:29:04,42661.55,25,53100
20221115,12:29:10,42666.60,125,53100
20221115,12:29:19,42675.00,25,53100
20221115,12:30:02,42670.05,25,53075
20221115,12:30:27,42681.00,25,53075
20221115,12:30:30,42684.00,25,53075
20221115,12:30:36,42684.00,25,53075
20221115,12:32:07,42682.00,25,53075
20221115,12:34:48,42680.15,25,53075
20221115,12:35:26,42670.00,25,53075
20221115,12:35:28,42679.95,25,53075
20221115,12:35:56,42679.95,25,53075
20221115,12:38:28,42685.00,25,53150
20221115,12:38:49,42695.00,50,53150
20221115,12:39:11,42692.10,250,53150
20221115,12:39:19,42698.00,25,53175
20221115,12:39:21,42698.00,25,53175
20221115,12:39:26,42699.00,25,53175
20221115,12:39:27,42699.00,75,53175
20221115,12:39:29,42699.00,25,53175
20221115,12:39:35,42699.30,50,53175
20221115,12:39:45,42700.00,50,53175
20221115,12:39:57,42699.55,125,53175
20221115,12:40:13,42700.00,50,53175
20221115,12:41:15,42694.25,25,53175
20221115,12:41:36,42688.30,25,53175
20221115,12:41:43,42694.25,25,53175
20221115,12:42:13,42700.00,125,53425
20221115,12:42:44,42710.00,25,53425
20221115,12:43:43,42704.75,100,53425
20221115,12:43:54,42694.75,25,53425
20221115,12:44:48,42690.00,25,53425
20221115,12:45:00,42690.00,25,53425
20221115,12:45:01,42690.00,25,53425
20221115,12:45:53,42692.05,25,53425
20221115,12:47:13,42690.00,75,53425
20221115,12:47:23,42689.95,75,53425
20221115,12:47:27,42689.95,25,53425
20221115,12:48:19,42700.00,25,53325
20221115,12:48:40,42700.00,25,53325
20221115,12:50:27,42699.95,25,53325
20221115,12:51:32,42692.60,25,53325
20221115,12:51:50,42689.60,25,53325
20221115,12:52:01,42692.60,25,53325
20221115,12:53:41,42700.00,150,53325
20221115,12:53:48,42710.00,100,53325
20221115,12:53:50,42710.00,225,53325
20221115,12:53:51,42715.00,25,53325
20221115,12:54:22,42719.00,25,53275
20221115,12:54:35,42720.00,25,53275
20221115,12:54:37,42720.00,25,53275
20221115,12:54:45,42720.00,50,53275
20221115,12:54:49,42720.00,25,53275
20221115,12:54:56,42716.75,100,53275
20221115,12:54:57,42720.95,50,53275
20221115,12:55:20,42720.55,25,53275
20221115,12:55:46,42720.00,25,53275
20221115,12:55:50,42720.95,25,53275
20221115,12:55:56,42725.00,75,53275
20221115,12:56:12,42725.00,25,53275
20221115,12:56:39,42725.00,75,53275
20221115,12:56:42,42725.00,75,53275
20221115,12:56:44,42722.10,25,53275
20221115,12:56:52,42735.00,75,53275
20221115,12:57:00,42734.00,25,53275
20221115,12:57:33,42716.65,25,53500
20221115,12:58:17,42720.00,275,53500
20221115,12:59:12,42717.95,50,53500
20221115,12:59:33,42715.00,25,53500
20221115,13:00:04,42715.00,25,53500
20221115,13:04:13,42705.85,25,53575
20221115,13:05:00,42695.00,25,53575
20221115,13:05:06,42695.00,25,53575
20221115,13:06:58,42700.00,25,53575
20221115,13:07:28,42710.00,25,53575
20221115,13:07:59,42711.30,50,53575
20221115,13:08:10,42709.65,25,53575
20221115,13:09:02,42714.80,25,53575
20221115,13:09:12,42714.85,25,53700
20221115,13:09:59,42714.85,25,53700
20221115,13:10:10,42714.85,100,53700
20221115,13:10:15,42714.85,75,53700
20221115,13:10:19,42714.85,25,53700
20221115,13:10:21,42715.00,50,53700
20221115,13:10:48,42720.00,25,53700
20221115,13:12:13,42714.00,25,53750
20221115,13:13:05,42714.00,25,53750
20221115,13:14:28,42710.00,25,53750
20221115,13:16:22,42700.00,25,53775
20221115,13:16:40,42695.00,25,53775
20221115,13:19:44,42706.00,25,53775
20221115,13:20:59,42702.40,50,53775
20221115,13:22:04,42703.05,50,53775
20221115,13:22:48,42709.00,25,53775
20221115,13:22:50,42717.95,25,53775
20221115,13:25:03,42717.00,25,53825
20221115,13:29:39,42700.00,75,53850
20221115,13:30:11,42692.75,25,53850
20221115,13:30:19,42693.70,25,53850
20221115,13:32:10,42680.00,75,53850
20221115,13:32:13,42673.90,25,53850
20221115,13:32:27,42675.00,75,53850
20221115,13:32:28,42683.85,25,53850
20221115,13:33:15,42672.55,25,53950
20221115,13:33:17,42672.25,50,53950
20221115,13:33:21,42670.00,25,53950
20221115,13:33:45,42670.00,50,53950
20221115,13:35:48,42668.05,25,53950
20221115,13:38:12,42670.00,50,53975
20221115,13:38:32,42674.35,25,53975
20221115,13:38:46,42682.60,50,53975
20221115,13:39:19,42692.45,25,53975
20221115,13:41:06,42707.15,25,53975
20221115,13:42:31,42697.05,25,54000
20221115,13:42:46,42707.00,25,54000
20221115,13:42:54,42704.75,25,54000
20221115,13:43:00,42704.75,75,54000
20221115,13:43:07,42714.00,25,54000
20221115,13:43:09,42717.00,50,54000
20221115,13:43:10,42718.00,25,54000
20221115,13:43:37,42717.95,25,54000
20221115,13:44:07,42718.00,100,54000
20221115,13:44:09,42718.00,150,54000
20221115,13:44:11,42720.00,100,54000
20221115,13:44:12,42722.00,25,54000
20221115,13:47:35,42702.05,25,54075
20221115,13:47:55,42701.00,25,54075
20221115,13:51:09,42700.00,150,54075
20221115,13:53:18,42690.00,25,54125
20221115,13:53:39,42685.00,100,54125
20221115,13:53:41,42683.00,25,54125
20221115,13:59:29,42675.00,50,54150
20221115,13:59:50,42670.00,25,54150
20221115,14:00:41,42672.65,150,54125
20221115,14:00:49,42672.65,50,54125
20221115,14:00:55,42672.65,25,54125
20221115,14:02:54,42672.65,100,54125
20221115,14:02:57,42672.65,75,54125
20221115,14:03:56,42674.65,25,54500
20221115,14:05:53,42687.90,25,54500
20221115,14:06:41,42680.00,25,54525
20221115,14:09:33,42684.65,50,54500
20221115,14:12:49,42684.00,25,54550
20221115,14:13:19,42677.90,25,54550
20221115,14:16:04,42680.00,25,54550
20221115,14:16:35,42677.90,25,54550
20221115,14:16:54,42674.65,25,54550
20221115,14:17:09,42670.00,25,54550
20221115,14:17:11,42670.00,25,54550
20221115,14:19:39,42677.90,25,54625
20221115,14:19:58,42712.45,50,54625
20221115,14:20:12,42700.05,25,54625
20221115,14:20:40,42700.00,25,54625
20221115,14:21:52,42719.45,25,54625
20221115,14:22:10,42720.00,50,54625
20221115,14:22:12,42725.45,25,54625
20221115,14:23:33,42725.50,175,54625
20221115,14:23:39,42725.00,25,54625
20221115,14:23:42,42730.00,75,54625
20221115,14:23:50,42730.00,25,54625
20221115,14:24:12,42730.00,50,54625
20221115,14:24:14,42740.00,75,54625
20221115,14:25:01,42745.00,25,54725
20221115,14:25:02,42750.00,75,54725
20221115,14:25:06,42750.00,300,54725
20221115,14:25:07,42761.00,75,54725
20221115,14:25:14,42765.00,25,54725
20221115,14:25:40,42765.00,25,54725
20221115,14:25:42,42768.00,25,54725
20221115,14:25:45,42768.50,500,54725
20221115,14:25:47,42768.50,50,54725
20221115,14:25:49,42767.95,75,54725
20221115,14:25:50,42767.95,250,54725
20221115,14:25:57,42767.95,25,54725
20221115,14:26:00,42768.00,25,54725
20221115,14:26:03,42769.90,25,54725
20221115,14:26:05,42785.00,575,54725
20221115,14:26:07,42786.00,25,54725
20221115,14:26:24,42786.00,25,54725
20221115,14:26:35,42790.00,50,54725
20221115,14:26:37,42790.00,25,54725
20221115,14:26:47,42790.00,25,54725
20221115,14:27:20,42790.00,50,54725
20221115,14:27:23,42785.00,25,54725
20221115,14:27:32,42785.00,25,54975
20221115,14:27:33,42785.05,50,54975
20221115,14:27:43,42785.00,25,54975
20221115,14:27:51,42785.00,75,54975
20221115,14:28:03,42771.35,50,54975
20221115,14:28:36,42771.35,100,54975
20221115,14:28:38,42778.25,25,54975
20221115,14:29:04,42762.65,100,54975
20221115,14:29:30,42768.70,300,54975
20221115,14:29:55,42771.60,25,54975
20221115,14:30:32,42761.25,50,55150
20221115,14:30:34,42753.20,25,55150
20221115,14:30:45,42760.00,25,55150
20221115,14:30:52,42763.70,25,55150
20221115,14:30:59,42763.80,25,55150
20221115,14:31:18,42770.00,25,55150
20221115,14:31:33,42774.95,50,55150
20221115,14:31:34,42770.00,50,55150
20221115,14:31:42,42770.00,25,55150
20221115,14:32:34,42768.00,25,55150
20221115,14:32:36,42769.95,25,55150
20221115,14:33:04,42775.00,25,55150
20221115,14:33:12,42774.35,50,55150
20221115,14:33:20,42774.00,25,55150
20221115,14:33:35,42768.15,25,55250
20221115,14:33:50,42770.30,25,55250
20221115,14:33:56,42775.00,25,55250
20221115,14:33:59,42774.85,25,55250
20221115,14:34:03,42780.00,25,55250
20221115,14:34:14,42782.40,25,55250
20221115,14:34:41,42775.30,25,55250
20221115,14:35:14,42770.65,25,55250
20221115,14:35:20,42775.55,50,55250
20221115,14:35:32,42773.30,25,55250
20221115,14:35:40,42765.50,25,55250
20221115,14:36:00,42766.05,25,55250
20221115,14:36:03,42772.95,25,55250
20221115,14:36:16,42765.65,25,55250
20221115,14:36:24,42765.55,50,55350
20221115,14:36:37,42770.00,50,55350
20221115,14:36:45,42765.00,150,55350
20221115,14:36:52,42765.00,25,55350
20221115,14:37:15,42758.00,25,55350
20221115,14:38:16,42758.00,25,55350
20221115,14:38:21,42760.45,25,55350
20221115,14:38:42,42764.40,125,55350
20221115,14:38:59,42765.00,25,55350
20221115,14:39:05,42760.45,25,55350
20221115,14:39:16,42760.45,25,55350
20221115,14:39:46,42764.30,100,55500
20221115,14:40:51,42760.00,25,55500
20221115,14:40:56,42755.00,25,55500
20221115,14:41:01,42750.00,75,55500
20221115,14:41:25,42742.55,25,55500
20221115,14:41:33,42748.30,25,55500
20221115,14:41:43,42745.65,25,55500
20221115,14:42:02,42756.05,25,55500
20221115,14:42:24,42760.00,25,55425
20221115,14:42:27,42760.00,25,55425
20221115,14:42:32,42760.00,50,55425
20221115,14:42:34,42760.00,100,55425
20221115,14:43:03,42760.00,100,55425
20221115,14:43:12,42768.50,25,55425
20221115,14:43:13,42770.00,25,55425
20221115,14:43:15,42775.00,25,55425
20221115,14:43:43,42775.00,25,55425
20221115,14:43:52,42776.25,25,55425
20221115,14:44:05,42763.50,25,55425
20221115,14:45:11,42775.00,25,55425
20221115,14:46:10,42766.25,25,55550
20221115,14:46:28,42767.55,75,55550
20221115,14:47:05,42780.00,25,55550
20221115,14:47:10,42780.00,75,55550
20221115,14:47:58,42785.00,50,55550
20221115,14:48:00,42785.00,25,55550
20221115,14:48:05,42783.00,25,55550
20221115,14:48:06,42788.95,25,55550
20221115,14:48:18,42789.00,50,55550
20221115,14:48:29,42790.00,25,55575
20221115,14:48:39,42795.00,225,55575
20221115,14:48:41,42795.00,50,55575
20221115,14:48:52,42799.00,25,55575
20221115,14:48:57,42800.00,125,55575
20221115,14:48:59,42800.00,25,55575
20221115,14:49:04,42798.00,75,55575
20221115,14:49:11,42800.00,25,55575
20221115,14:49:12,42800.00,225,55575
20221115,14:49:14,42800.50,125,55575
20221115,14:49:15,42805.00,25,55575
20221115,14:49:22,42805.00,25,55575
20221115,14:49:24,42801.45,50,55575
20221115,14:49:27,42799.85,25,55575
20221115,14:49:30,42803.50,50,55575
20221115,14:49:54,42798.65,25,55575
20221115,14:50:00,42800.00,50,55575
20221115,14:50:11,42795.70,25,55575
20221115,14:50:25,42803.50,50,55575
20221115,14:50:27,42796.90,25,55575
20221115,14:50:39,42802.25,25,55575
20221115,14:50:54,42800.00,50,55575
20221115,14:50:55,42794.25,25,55575
20221115,14:51:02,42801.25,50,55575
20221115,14:51:10,42792.95,25,55575
20221115,14:51:26,42802.55,25,55575
20221115,14:51:31,42805.95,100,56000
20221115,14:51:37,42805.95,25,56000
20221115,14:51:50,42797.55,75,56000
20221115,14:51:53,42797.55,25,56000
20221115,14:52:03,42797.95,25,56000
20221115,14:52:10,42805.00,25,56000
20221115,14:52:16,42801.30,25,56000
20221115,14:52:19,42804.50,25,56000
20221115,14:52:24,42809.95,25,56000
20221115,14:52:29,42809.95,25,56000
20221115,14:52:38,42802.70,25,56000
20221115,14:52:41,42807.65,100,56000
20221115,14:52:46,42802.40,25,56000
20221115,14:52:49,42802.65,100,56000
20221115,14:52:54,42802.70,25,56000
20221115,14:52:59,42802.70,25,56000
20221115,14:53:08,42802.70,25,56000
20221115,14:53:11,42802.70,25,56000
20221115,14:53:26,42800.00,225,56000
20221115,14:53:41,42797.55,25,56000
20221115,14:53:49,42788.55,125,56000
20221115,14:53:54,42788.35,25,56000
20221115,14:53:59,42787.85,25,56000
20221115,14:54:04,42792.90,25,56000
20221115,14:54:39,42780.00,25,56400
20221115,14:54:42,42780.00,100,56400
20221115,14:54:44,42786.50,50,56400
20221115,14:54:54,42782.55,25,56400
20221115,14:55:02,42780.00,125,56400
20221115,14:55:25,42791.85,25,56400
20221115,14:55:47,42792.00,25,56400
20221115,14:56:11,42783.60,25,56400
20221115,14:56:16,42785.00,25,56400
20221115,14:56:24,42784.00,100,56400
20221115,14:56:38,42785.00,175,56400
20221115,14:56:41,42785.00,25,56400
20221115,14:57:35,42780.00,175,56475
20221115,14:57:37,42780.00,50,56475
20221115,14:57:39,42780.00,25,56475
20221115,14:58:28,42780.00,25,56475
20221115,14:58:30,42790.00,75,56475
20221115,14:58:31,42788.95,25,56475
20221115,14:58:36,42792.90,50,56475
20221115,14:58:38,42792.90,200,56475
20221115,14:58:43,42800.00,25,56475
20221115,14:59:11,42793.15,250,56475
20221115,14:59:29,42800.00,50,56475
20221115,14:59:37,42800.00,50,56475
20221115,14:59:49,42800.00,75,56475
20221115,15:00:05,42810.00,75,56475
20221115,15:00:30,42810.00,25,56475
20221115,15:01:32,42810.00,25,57150
20221115,15:01:37,42810.00,75,57150
20221115,15:01:42,42815.00,25,57150
20221115,15:01:45,42815.00,25,57150
20221115,15:02:46,42802.75,25,57150
20221115,15:03:20,42805.00,25,57150
20221115,15:03:33,42804.40,50,57200
20221115,15:04:01,42807.65,25,57200
20221115,15:04:20,42804.55,25,57200
20221115,15:04:29,42815.85,100,57200
20221115,15:05:54,42820.00,50,57200
20221115,15:05:55,42820.00,25,57200
20221115,15:06:04,42820.00,25,57200
20221115,15:06:39,42820.00,25,57300
20221115,15:06:51,42820.00,25,57300
20221115,15:07:05,42810.00,75,57300
20221115,15:07:14,42800.80,25,57300
20221115,15:07:23,42800.65,250,57300
20221115,15:07:58,42818.00,25,57300
20221115,15:08:00,42815.80,50,57300
20221115,15:08:08,42817.95,25,57300
20221115,15:08:13,42816.90,50,57300
20221115,15:08:21,42815.80,200,57300
20221115,15:08:26,42815.85,25,57300
20221115,15:08:28,42818.00,150,57300
20221115,15:08:37,42818.00,25,57300
20221115,15:08:45,42815.80,25,57300
20221115,15:08:57,42820.00,25,57300
20221115,15:08:58,42825.30,25,57300
20221115,15:09:11,42825.30,25,57300
20221115,15:09:15,42825.30,150,57300
20221115,15:09:29,42825.30,25,57300
20221115,15:09:32,42823.80,25,57525
20221115,15:10:00,42821.25,25,57525
20221115,15:10:16,42827.00,500,57525
20221115,15:10:31,42827.00,450,57525
20221115,15:10:47,42818.25,25,57525
20221115,15:10:50,42826.60,50,57525
20221115,15:10:52,42826.60,50,57525
20221115,15:11:08,42827.45,25,57525
20221115,15:11:20,42827.45,25,57525
20221115,15:11:45,42830.00,75,57525
20221115,15:11:52,42836.65,25,57525
20221115,15:11:59,42836.65,25,57525
20221115,15:12:01,42836.65,25,57525
20221115,15:12:09,42838.00,25,57525
20221115,15:12:12,42849.00,100,57525
20221115,15:12:21,42849.70,50,57525
20221115,15:12:23,42849.70,50,57525
20221115,15:12:27,42849.65,25,57525
20221115,15:12:38,42850.00,125,58300
20221115,15:12:42,42850.00,50,58300
20221115,15:12:43,42844.65,75,58300
20221115,15:12:45,42856.50,75,58300
20221115,15:12:52,42851.00,25,58300
20221115,15:12:53,42853.45,25,58300
20221115,15:13:00,42864.50,25,58300
20221115,15:13:08,42864.50,25,58300
20221115,15:13:13,42858.00,75,58300
20221115,15:13:15,42850.05,25,58300
20221115,15:13:24,42850.05,125,58300
20221115,15:13:26,42850.00,50,58300
20221115,15:13:31,42850.00,25,58300
20221115,15:13:36,42850.00,75,58300
20221115,15:13:44,42850.00,25,58300
20221115,15:13:45,42850.00,25,58300
20221115,15:13:57,42850.00,25,58300
20221115,15:13:58,42841.95,25,58300
20221115,15:14:05,42838.65,25,58300
20221115,15:14:27,42843.00,25,58300
20221115,15:14:29,42850.00,50,58300
20221115,15:14:43,42843.00,25,58300
20221115,15:15:09,42845.00,25,58300
20221115,15:15:11,42850.00,425,58300
20221115,15:15:22,42840.65,25,58300
20221115,15:15:25,42848.25,25,58300
20221115,15:15:47,42840.65,25,58425
20221115,15:15:57,42840.65,25,58425
20221115,15:16:21,42840.65,125,58425
20221115,15:16:51,42840.65,25,58425
20221115,15:16:53,42840.65,50,58425
20221115,15:16:54,42840.00,50,58425
20221115,15:17:02,42840.65,25,58425
20221115,15:17:21,42845.00,25,58425
20221115,15:17:43,42845.00,25,58425
20221115,15:17:53,42845.25,50,58425
20221115,15:17:56,42848.00,25,58425
20221115,15:17:58,42850.00,50,58425
20221115,15:18:20,42850.00,25,58425
20221115,15:18:36,42863.55,50,58300
20221115,15:18:37,42853.25,25,58300
20221115,15:18:54,42857.55,25,58300
20221115,15:19:12,42862.85,25,58300
20221115,15:19:15,42865.00,50,58300
20221115,15:19:17,42865.00,75,58300
20221115,15:19:18,42865.00,25,58300
20221115,15:19:21,42868.05,75,58300
20221115,15:19:28,42868.55,50,58300
20221115,15:19:38,42868.55,25,58300
20221115,15:19:43,42868.55,50,58300
20221115,15:19:44,42865.05,25,58300
20221115,15:19:46,42864.75,100,58300
20221115,15:20:04,42866.45,50,58300
20221115,15:20:25,42869.20,25,58300
20221115,15:20:34,42869.20,25,58300
20221115,15:20:35,42869.20,25,58300
20221115,15:20:50,42873.95,25,58300
20221115,15:20:53,42873.95,250,58300
20221115,15:20:55,42869.95,25,58300
20221115,15:21:28,42867.00,25,58300
20221115,15:21:32,42863.05,25,58300
20221115,15:21:37,42864.25,50,58025
20221115,15:21:42,42867.00,25,58025
20221115,15:21:58,42865.00,25,58025
20221115,15:22:12,42865.00,25,58025
20221115,15:22:22,42868.00,25,58025
20221115,15:22:34,42869.95,25,58025
20221115,15:22:56,42872.50,100,58025
20221115,15:22:57,42874.00,125,58025
20221115,15:22:59,42875.00,50,58025
20221115,15:23:02,42877.55,25,58025
20221115,15:23:10,42880.00,25,58025
20221115,15:23:20,42886.20,25,58025
20221115,15:23:21,42886.20,75,58025
20221115,15:23:23,42880.60,50,58025
20221115,15:23:26,42889.35,25,58025
20221115,15:23:31,42890.00,25,58025
20221115,15:23:41,42890.00,25,58025
20221115,15:23:44,42890.00,100,58025
20221115,15:23:46,42891.35,25,58025
20221115,15:23:49,42891.80,50,58025
20221115,15:23:50,42891.80,225,58025
20221115,15:23:52,42899.90,75,58025
20221115,15:23:57,42899.90,100,58025
20221115,15:23:58,42897.50,50,58025
20221115,15:24:00,42896.50,75,58025
20221115,15:24:01,42899.90,25,58025
20221115,15:24:08,42900.00,100,58025
20221115,15:24:11,42900.00,25,58025
20221115,15:24:14,42900.00,75,58025
20221115,15:24:16,42900.00,50,58025
20221115,15:24:18,42900.00,125,58025
20221115,15:24:21,42900.00,50,58025
20221115,15:24:22,42905.75,25,58025
20221115,15:24:24,42906.35,125,58025
20221115,15:24:29,42900.00,25,58025
20221115,15:24:32,42902.00,50,58025
20221115,15:24:34,42900.00,50,58700
20221115,15:24:35,42900.00,25,58700
20221115,15:24:37,42905.75,25,58700
20221115,15:24:39,42909.60,25,58700
20221115,15:24:43,42909.60,25,58700
20221115,15:24:48,42902.60,25,58700
20221115,15:24:51,42909.60,25,58700
20221115,15:24:53,42902.60,75,58700
20221115,15:24:55,42910.00,100,58700
20221115,15:24:56,42910.00,150,58700
20221115,15:25:00,42906.05,25,58700
20221115,15:25:04,42900.00,25,58700
20221115,15:25:06,42893.55,25,58700
20221115,15:25:14,42902.75,100,58700
20221115,15:25:20,42906.70,25,58700
20221115,15:25:28,42909.85,100,58700
20221115,15:25:30,42900.00,25,58700
20221115,15:25:36,42899.40,25,58700
20221115,15:25:43,42898.70,100,58700
20221115,15:25:48,42890.00,25,58700
20221115,15:25:51,42889.10,25,58700
20221115,15:25:55,42890.00,25,58700
20221115,15:25:56,42888.60,50,58700
20221115,15:26:00,42900.00,100,58700
20221115,15:26:05,42890.00,50,58700
20221115,15:26:10,42890.00,25,58700
20221115,15:26:15,42890.00,100,58700
20221115,15:26:20,42890.00,475,58700
20221115,15:26:21,42890.00,75,58700
20221115,15:26:23,42890.00,225,58700
20221115,15:26:25,42890.00,300,58700
20221115,15:26:31,42892.55,25,58700
20221115,15:26:36,42899.50,100,58700
20221115,15:26:38,42899.45,25,58700
20221115,15:26:41,42892.85,50,58700
20221115,15:26:49,42893.30,25,58700
20221115,15:26:54,42902.65,100,58700
20221115,15:27:00,42895.00,125,58700
20221115,15:27:07,42897.50,125,58700
20221115,15:27:13,42890.10,25,58700
20221115,15:27:14,42899.85,125,58700
20221115,15:27:21,42900.00,25,58700
20221115,15:27:29,42898.55,100,58700
20221115,15:27:32,42891.00,50,58700
20221115,15:27:42,42901.65,125,59700
20221115,15:27:44,42894.85,25,59700
20221115,15:27:50,42895.35,25,59700
20221115,15:27:53,42905.00,25,59700
20221115,15:27:55,42896.65,225,59700
20221115,15:28:10,42900.00,50,59700
20221115,15:28:20,42905.00,50,59700
20221115,15:28:22,42905.00,25,59700
20221115,15:28:47,42905.20,50,59700
20221115,15:28:50,42903.70,100,59700
20221115,15:28:52,42905.00,25,59700
20221115,15:29:02,42910.00,25,59700
20221115,15:29:04,42918.90,150,59700
20221115,15:29:12,42920.00,25,59700
20221115,15:29:23,42920.00,25,59700
20221115,15:29:25,42920.00,25,59700
20221115,15:29:28,42920.00,25,59700
20221115,15:29:30,42918.55,50,59700
20221115,15:29:32,42918.55,75,59700
20221115,15:29:33,42920.00,75,59700
20221115,15:29:37,42935.65,125,59700
20221115,15:29:42,42930.60,50,59700
20221115,15:29:45,42932.05,25,59700
20221115,15:29:53,42937.65,150,59700
20221115,15:29:56,42937.65,25,59700
