20221103,09:15:11,173.05,1,97100
20221103,09:15:11,173.30,200,97100
20221103,09:15:16,162.60,100,97100
20221103,09:15:22,161.85,150,97100
20221103,09:15:32,168.45,300,97100
20221103,09:15:37,166.90,150,97100
20221103,09:15:48,165.35,350,97100
20221103,09:15:53,165.50,1100,97100
20221103,09:15:58,165.00,250,97100
20221103,09:16:08,164.45,50,97100
20221103,09:16:12,165.00,550,97100
20221103,09:16:16,164.00,900,97100
20221103,09:16:21,165.00,200,97100
20221103,09:16:25,163.10,600,97100
20221103,09:16:29,163.00,400,97100
20221103,09:16:34,163.00,200,97100
20221103,09:16:43,163.30,250,97100
20221103,09:16:47,160.10,350,97100
20221103,09:16:52,163.70,100,97100
20221103,09:17:01,163.00,50,97100
20221103,09:17:06,163.95,200,97100
20221103,09:17:22,162.30,50,97100
20221103,09:17:27,160.00,500,97100
20221103,09:17:32,161.35,50,97100
20221103,09:17:42,159.45,50,97100
20221103,09:17:47,159.45,200,96300
20221103,09:17:53,163.15,950,96300
20221103,09:17:57,160.45,50,96300
20221103,09:18:02,162.35,50,96300
20221103,09:18:12,162.35,50,96300
20221103,09:18:26,157.90,600,96300
20221103,09:18:41,159.95,50,96300
20221103,09:19:00,160.00,50,96300
20221103,09:19:10,162.25,250,96300
20221103,09:19:55,162.00,50,96300
20221103,09:19:59,160.35,50,96300
20221103,09:20:00,162.20,100,96300
20221103,09:20:05,162.25,50,96300
20221103,09:20:06,162.00,200,96300
20221103,09:20:07,163.00,150,96300
20221103,09:20:08,163.00,350,96300
20221103,09:20:10,162.35,150,96300
20221103,09:20:21,162.00,50,96300
20221103,09:20:24,163.00,200,96300
20221103,09:20:28,163.00,1200,96300
20221103,09:21:01,163.90,50,93550
20221103,09:21:06,163.90,100,93550
20221103,09:21:11,162.35,200,93550
20221103,09:21:17,160.60,50,93550
20221103,09:21:22,161.55,50,93550
20221103,09:21:33,163.05,100,93550
20221103,09:21:43,162.55,50,93550
20221103,09:21:49,162.00,50,93550
20221103,09:22:02,160.60,200,93550
20221103,09:22:22,162.70,50,93550
20221103,09:22:27,162.60,250,93550
20221103,09:22:29,162.55,50,93550
20221103,09:22:30,162.00,150,93550
20221103,09:22:36,162.15,100,93550
20221103,09:22:43,164.00,250,93550
20221103,09:22:48,163.75,50,93550
20221103,09:22:50,162.70,50,93550
20221103,09:23:13,163.15,750,93550
20221103,09:23:18,164.35,50,93550
20221103,09:23:34,164.35,50,93550
20221103,09:24:25,164.95,50,92150
20221103,09:24:41,164.80,250,92150
20221103,09:24:45,164.30,400,92150
20221103,09:24:50,163.95,100,92150
20221103,09:24:58,163.90,50,92150
20221103,09:25:00,164.30,100,92150
20221103,09:25:01,164.80,50,92150
20221103,09:25:05,163.70,50,92150
20221103,09:25:06,164.10,150,92150
20221103,09:25:07,164.10,200,92150
20221103,09:25:12,165.00,50,92150
20221103,09:25:34,163.15,50,92150
20221103,09:25:35,164.80,50,92150
20221103,09:25:42,163.00,50,92150
20221103,09:25:50,164.55,50,92150
20221103,09:25:56,163.60,100,92150
20221103,09:26:02,164.10,100,92150
20221103,09:26:17,163.00,150,92150
20221103,09:26:24,165.00,250,92150
20221103,09:26:29,165.00,200,92150
20221103,09:26:45,163.00,50,91500
20221103,09:26:49,162.50,150,91500
20221103,09:27:04,161.00,50,91500
20221103,09:27:11,161.15,150,91500
20221103,09:27:13,160.05,100,91500
20221103,09:27:14,160.25,100,91500
20221103,09:27:15,160.40,100,91500
20221103,09:27:20,161.00,200,91500
20221103,09:27:23,162.00,50,91500
20221103,09:27:38,161.00,50,91500
20221103,09:27:42,160.15,200,91500
20221103,09:27:57,158.25,50,91500
20221103,09:28:02,158.55,100,91500
20221103,09:28:26,158.15,250,91500
20221103,09:28:29,158.40,200,91500
20221103,09:28:35,158.35,150,91500
20221103,09:28:40,158.30,100,91500
20221103,09:28:41,159.00,50,91500
20221103,09:28:48,158.10,50,91500
20221103,09:28:50,159.15,100,91500
20221103,09:28:53,158.40,100,91500
20221103,09:29:00,157.80,100,91500
20221103,09:29:07,157.60,100,91500
20221103,09:29:08,157.35,100,91500
20221103,09:29:14,157.00,50,91500
20221103,09:29:20,157.00,50,91500
20221103,09:29:53,157.05,50,93050
20221103,09:30:02,157.00,50,93050
20221103,09:30:21,156.95,50,93050
20221103,09:30:40,155.35,250,93050
20221103,09:30:50,155.00,100,93050
20221103,09:31:04,153.20,50,93050
20221103,09:31:13,153.20,900,93050
20221103,09:31:22,154.25,400,93050
20221103,09:31:26,153.90,50,93050
20221103,09:32:01,152.00,450,93050
20221103,09:32:07,147.00,550,93050
20221103,09:32:14,149.00,100,93050
20221103,09:32:20,148.10,100,93050
20221103,09:32:25,149.45,50,93050
20221103,09:32:31,150.50,50,93050
20221103,09:32:54,150.60,50,92100
20221103,09:33:00,150.50,50,92100
20221103,09:33:08,149.25,100,92100
20221103,09:33:10,149.05,50,92100
20221103,09:33:12,148.75,150,92100
20221103,09:33:20,148.50,250,92100
20221103,09:33:22,150.00,550,92100
20221103,09:33:23,150.00,200,92100
20221103,09:33:32,151.00,250,92100
20221103,09:33:38,151.00,50,92100
20221103,09:33:59,151.15,50,92100
20221103,09:34:00,150.90,200,92100
20221103,09:34:13,150.90,50,92100
20221103,09:34:28,150.50,50,92100
20221103,09:34:48,150.75,50,92100
20221103,09:35:08,150.00,50,92100
20221103,09:35:25,147.85,50,92100
20221103,09:35:35,147.15,50,92100
20221103,09:35:36,147.00,50,92100
20221103,09:35:46,147.25,50,92450
20221103,09:35:52,148.00,50,92450
20221103,09:35:59,147.85,100,92450
20221103,09:36:00,147.40,100,92450
20221103,09:36:11,147.95,250,92450
20221103,09:36:13,148.00,100,92450
20221103,09:36:29,149.00,50,92450
20221103,09:36:32,149.20,100,92450
20221103,09:36:36,150.10,50,92450
20221103,09:36:38,150.30,50,92450
20221103,09:36:40,149.95,150,92450
20221103,09:36:45,150.40,100,92450
20221103,09:36:50,151.20,100,92450
20221103,09:36:55,151.25,50,92450
20221103,09:37:03,151.70,100,92450
20221103,09:37:22,151.05,500,92450
20221103,09:37:28,151.75,50,92450
20221103,09:37:29,151.45,50,92450
20221103,09:37:32,151.10,200,92450
20221103,09:37:40,152.00,350,92450
20221103,09:38:00,154.00,100,92450
20221103,09:38:06,155.00,200,92450
20221103,09:38:09,154.00,50,92450
20221103,09:38:11,153.90,50,92450
20221103,09:38:18,152.40,1000,92450
20221103,09:38:23,154.05,50,92450
20221103,09:38:28,153.10,50,92450
20221103,09:38:36,152.55,50,92450
20221103,09:38:41,152.00,50,90500
20221103,09:38:43,152.00,100,90500
20221103,09:39:03,152.00,100,90500
20221103,09:39:09,152.60,300,90500
20221103,09:39:14,152.00,50,90500
20221103,09:39:23,152.00,50,90500
20221103,09:39:24,152.00,50,90500
20221103,09:39:25,152.00,100,90500
20221103,09:39:26,152.00,50,90500
20221103,09:39:33,152.00,350,90500
20221103,09:39:43,152.05,50,90500
20221103,09:39:57,152.40,50,90500
20221103,09:40:13,152.35,100,90500
20221103,09:40:37,154.50,100,90500
20221103,09:40:38,154.95,200,90500
20221103,09:41:34,152.05,150,90500
20221103,09:41:52,152.40,100,90750
20221103,09:41:54,152.00,100,90750
20221103,09:41:56,151.85,50,90750
20221103,09:41:58,152.55,200,90750
20221103,09:42:08,151.90,50,90750
20221103,09:42:20,154.10,50,90750
20221103,09:43:13,154.20,450,90750
20221103,09:43:20,152.00,300,90750
20221103,09:43:26,151.70,200,90750
20221103,09:44:30,153.15,50,90750
20221103,09:44:36,151.50,250,90750
20221103,09:44:39,151.40,50,91650
20221103,09:44:44,150.00,150,91650
20221103,09:44:45,150.00,100,91650
20221103,09:44:50,150.00,50,91650
20221103,09:44:51,150.00,50,91650
20221103,09:44:52,150.00,150,91650
20221103,09:44:56,150.00,100,91650
20221103,09:45:02,150.00,50,91650
20221103,09:45:03,150.00,200,91650
20221103,09:45:04,148.40,50,91650
20221103,09:45:06,146.90,100,91650
20221103,09:45:15,145.00,50,91650
20221103,09:45:17,144.10,50,91650
20221103,09:45:21,144.10,50,91650
20221103,09:45:24,143.90,100,91650
20221103,09:45:25,143.90,200,91650
20221103,09:45:40,145.00,100,91650
20221103,09:45:47,144.60,150,91650
20221103,09:45:49,145.10,150,91650
20221103,09:45:51,145.10,150,91650
20221103,09:45:52,145.05,50,91650
20221103,09:46:00,145.35,50,91650
20221103,09:46:05,145.60,50,91650
20221103,09:46:11,145.85,100,91650
20221103,09:46:17,146.50,150,91650
20221103,09:46:20,146.40,150,91650
20221103,09:46:22,148.60,200,91650
20221103,09:46:23,147.70,150,91650
20221103,09:46:24,147.35,50,91650
20221103,09:46:26,147.05,300,91650
20221103,09:46:30,146.80,50,91650
20221103,09:46:33,147.35,50,91650
20221103,09:46:34,147.35,100,91650
20221103,09:46:36,146.95,100,91650
20221103,09:46:47,148.50,50,91650
20221103,09:46:48,147.60,150,91650
20221103,09:46:56,148.60,50,91650
20221103,09:47:18,150.00,300,91650
20221103,09:47:24,150.15,50,91650
20221103,09:47:28,150.60,250,91650
20221103,09:47:31,150.45,50,91650
20221103,09:47:37,151.15,100,91650
20221103,09:47:49,151.05,100,94450
20221103,09:47:51,150.85,100,94450
20221103,09:48:08,151.30,150,94450
20221103,09:48:10,151.20,50,94450
20221103,09:48:15,151.30,100,94450
20221103,09:48:17,151.15,400,94450
20221103,09:48:22,151.00,100,94450
20221103,09:49:11,151.15,50,94450
20221103,09:50:04,151.70,150,94450
20221103,09:50:08,152.30,50,94450
20221103,09:50:44,150.80,100,95300
20221103,09:51:06,148.35,50,95300
20221103,09:51:18,148.50,100,95300
20221103,09:51:28,148.30,200,95300
20221103,09:51:31,148.30,50,95300
20221103,09:51:35,146.95,200,95300
20221103,09:51:36,148.50,100,95300
20221103,09:52:25,147.25,50,95300
20221103,09:52:51,147.60,50,95300
20221103,09:52:53,147.80,250,95300
20221103,09:52:56,146.35,50,95300
20221103,09:53:04,146.00,250,95300
20221103,09:53:24,146.05,50,95300
20221103,09:53:25,146.00,50,95300
20221103,09:53:40,146.65,150,96550
20221103,09:53:50,148.00,50,96550
20221103,09:54:08,147.45,50,96550
20221103,09:54:14,147.05,50,96550
20221103,09:54:21,146.45,50,96550
20221103,09:54:33,144.85,150,96550
20221103,09:54:34,145.40,500,96550
20221103,09:54:39,146.10,50,96550
20221103,09:54:43,145.10,50,96550
20221103,09:54:45,145.65,50,96550
20221103,09:54:47,145.95,100,96550
20221103,09:54:55,146.70,150,96550
20221103,09:55:17,147.05,100,96550
20221103,09:55:25,145.30,50,96550
20221103,09:55:29,145.30,50,96550
20221103,09:55:37,146.10,150,96550
20221103,09:55:42,146.35,100,96550
20221103,09:56:13,146.05,50,96550
20221103,09:56:18,146.20,100,96550
20221103,09:56:23,145.60,50,96550
20221103,09:56:34,144.95,200,96550
20221103,09:56:45,145.40,650,98050
20221103,09:56:55,145.50,50,98050
20221103,09:57:12,147.40,50,98050
20221103,09:57:27,147.70,50,98050
20221103,09:57:51,147.20,50,98050
20221103,09:58:16,147.95,200,98050
20221103,09:58:37,148.15,50,98050
20221103,09:59:13,148.50,50,98050
20221103,09:59:20,148.80,50,98050
20221103,09:59:24,148.95,50,98050
20221103,09:59:28,148.70,50,98050
20221103,09:59:29,148.90,100,98050
20221103,09:59:49,149.10,50,98950
20221103,10:00:02,148.00,150,98950
20221103,10:00:29,145.55,50,98950
20221103,10:00:31,144.70,100,98950
20221103,10:00:33,144.50,100,98950
20221103,10:00:40,145.60,150,98950
20221103,10:00:45,145.00,50,98950
20221103,10:00:54,145.45,50,98950
20221103,10:02:04,149.10,200,98950
20221103,10:04:18,150.00,50,99050
20221103,10:04:34,150.00,50,99050
20221103,10:04:50,151.00,250,99050
20221103,10:05:55,150.80,50,99200
20221103,10:06:10,151.00,150,99200
20221103,10:06:48,150.30,100,99200
20221103,10:07:04,149.95,150,99200
20221103,10:07:37,151.60,50,99200
20221103,10:07:56,152.00,50,99200
20221103,10:08:20,152.00,50,99200
20221103,10:10:14,145.15,250,99400
20221103,10:11:29,145.70,100,99400
20221103,10:11:39,146.45,50,99400
20221103,10:11:47,146.75,100,99750
20221103,10:12:00,148.50,100,99750
20221103,10:12:10,147.65,100,99750
20221103,10:12:11,147.55,100,99750
20221103,10:12:38,147.50,50,99750
20221103,10:12:49,147.05,50,99750
20221103,10:12:59,148.00,300,99750
20221103,10:14:10,146.00,150,99750
20221103,10:14:47,145.00,50,99900
20221103,10:15:04,142.45,50,99900
20221103,10:15:10,140.05,100,99900
20221103,10:15:28,140.05,150,99900
20221103,10:15:33,140.30,50,99900
20221103,10:15:39,140.00,100,99900
20221103,10:15:44,140.05,100,99900
20221103,10:16:09,140.00,100,99900
20221103,10:16:10,140.00,50,99900
20221103,10:16:13,140.05,50,99900
20221103,10:16:14,140.05,200,99900
20221103,10:16:15,140.05,50,99900
20221103,10:16:25,140.05,50,99900
20221103,10:16:27,140.05,50,99900
20221103,10:16:28,140.90,50,99900
20221103,10:16:41,140.50,100,99900
20221103,10:16:51,141.10,100,99900
20221103,10:17:30,141.25,50,99900
20221103,10:17:47,140.60,50,99950
20221103,10:17:52,140.05,100,99950
20221103,10:17:57,140.65,100,99950
20221103,10:17:58,140.70,50,99950
20221103,10:18:14,139.75,250,99950
20221103,10:18:18,141.10,200,99950
20221103,10:18:50,139.90,50,99950
20221103,10:19:41,140.20,50,99950
20221103,10:19:48,140.15,200,99950
20221103,10:19:53,140.15,200,99950
20221103,10:20:09,140.20,50,99950
20221103,10:20:15,139.20,200,99950
20221103,10:20:20,139.00,50,99950
20221103,10:20:25,139.00,150,99950
20221103,10:20:30,140.15,350,99950
20221103,10:20:41,139.60,50,99950
20221103,10:20:46,140.00,200,101400
20221103,10:20:52,140.00,100,101400
20221103,10:20:56,140.50,100,101400
20221103,10:20:59,139.00,100,101400
20221103,10:21:02,140.80,50,101400
20221103,10:21:13,140.50,150,101400
20221103,10:21:54,140.55,200,101400
20221103,10:22:12,140.00,50,101400
20221103,10:22:35,139.95,250,101400
20221103,10:22:36,140.15,50,101400
20221103,10:22:37,140.30,100,101400
20221103,10:22:39,140.55,50,101400
20221103,10:22:44,140.10,50,101400
20221103,10:23:33,139.95,100,101400
20221103,10:23:58,139.80,150,102300
20221103,10:24:08,139.70,50,102300
20221103,10:24:15,138.70,50,102300
20221103,10:24:31,138.70,200,102300
20221103,10:24:33,138.55,550,102300
20221103,10:24:35,138.50,450,102300
20221103,10:24:43,139.70,100,102300
20221103,10:24:46,139.00,100,102300
20221103,10:24:53,138.30,50,102300
20221103,10:24:56,138.30,50,102300
20221103,10:25:55,136.80,100,102300
20221103,10:25:57,135.75,250,102300
20221103,10:26:13,135.75,100,102300
20221103,10:26:14,136.30,50,102300
20221103,10:26:17,136.55,50,102300
20221103,10:26:25,137.55,350,102300
20221103,10:26:26,136.35,100,102300
20221103,10:26:28,136.65,50,102300
20221103,10:26:32,136.90,100,102300
20221103,10:26:36,137.10,100,102300
20221103,10:26:40,136.15,400,102300
20221103,10:27:00,136.50,50,101350
20221103,10:27:01,136.50,350,101350
20221103,10:27:28,135.00,50,101350
20221103,10:27:41,135.00,100,101350
20221103,10:27:42,133.85,50,101350
20221103,10:27:54,133.85,50,101350
20221103,10:27:56,134.55,100,101350
20221103,10:28:14,134.80,100,101350
20221103,10:28:15,134.85,50,101350
20221103,10:28:16,134.85,50,101350
20221103,10:28:19,134.80,50,101350
20221103,10:28:22,134.10,200,101350
20221103,10:28:36,134.90,100,101350
20221103,10:29:29,136.60,100,101350
20221103,10:29:31,137.00,100,101350
20221103,10:29:39,136.90,50,101350
20221103,10:29:41,135.30,100,101350
20221103,10:29:48,136.45,50,101450
20221103,10:29:59,136.95,50,101450
20221103,10:30:02,135.45,50,101450
20221103,10:30:20,137.15,400,101450
20221103,10:32:03,138.65,100,101450
20221103,10:32:22,138.05,100,101450
20221103,10:32:32,137.90,400,101450
20221103,10:34:02,138.00,50,102250
20221103,10:34:07,137.10,50,102250
20221103,10:34:30,138.25,50,102250
20221103,10:35:49,137.60,50,102250
20221103,10:36:19,137.60,50,102250
20221103,10:36:20,138.00,200,102250
20221103,10:36:26,138.25,100,102250
20221103,10:37:05,138.00,50,102250
20221103,10:37:12,136.50,50,102250
20221103,10:37:42,135.00,50,102250
20221103,10:37:43,136.00,50,102250
20221103,10:38:24,134.05,50,102250
20221103,10:38:28,135.95,200,102250
20221103,10:38:38,135.50,50,102250
20221103,10:38:45,136.00,100,102250
20221103,10:38:46,135.50,150,102350
20221103,10:39:12,135.20,100,102350
20221103,10:39:40,135.05,50,102350
20221103,10:39:47,134.30,50,102350
20221103,10:40:04,134.40,100,102350
20221103,10:40:13,134.40,50,102350
20221103,10:40:18,134.70,100,102350
20221103,10:40:24,134.00,50,102350
20221103,10:40:29,134.00,250,102350
20221103,10:41:01,134.70,50,102350
20221103,10:41:12,135.55,50,102350
20221103,10:42:09,135.45,50,102700
20221103,10:42:34,136.60,100,102700
20221103,10:43:02,135.50,150,102700
20221103,10:43:06,136.00,50,102700
20221103,10:43:26,136.45,50,102700
20221103,10:43:40,136.45,50,102700
20221103,10:44:53,138.00,50,102600
20221103,10:44:56,138.00,50,102600
20221103,10:45:04,138.00,50,102600
20221103,10:45:22,139.00,450,102600
20221103,10:46:04,140.00,100,102600
20221103,10:46:10,140.15,50,102600
20221103,10:46:51,139.30,50,102600
20221103,10:46:55,139.70,100,102600
20221103,10:47:50,138.00,50,102450
20221103,10:48:06,138.85,50,102450
20221103,10:48:47,138.00,100,102450
20221103,10:49:01,138.05,50,102450
20221103,10:49:06,137.40,50,102450
20221103,10:49:09,137.65,100,102450
20221103,10:49:10,137.70,100,102450
20221103,10:49:12,137.95,50,102450
20221103,10:49:24,137.80,50,102450
20221103,10:49:25,137.85,50,102450
20221103,10:49:28,138.30,50,102450
20221103,10:49:50,138.40,150,102450
20221103,10:51:08,139.00,50,102850
20221103,10:51:27,139.55,50,102850
20221103,10:52:52,139.55,50,102850
20221103,10:53:58,139.00,100,102950
20221103,10:54:08,139.50,200,102950
20221103,10:54:20,139.50,50,102950
20221103,10:54:22,139.55,50,102950
20221103,10:55:33,139.80,50,102950
20221103,10:57:06,138.50,100,103350
20221103,10:57:21,138.75,50,103350
20221103,10:58:49,138.20,100,103350
20221103,10:59:40,139.80,50,103350
20221103,11:01:29,140.90,50,103400
20221103,11:02:12,142.10,50,103400
20221103,11:03:33,142.00,50,103350
20221103,11:04:54,142.00,350,103350
20221103,11:04:59,142.00,50,103350
20221103,11:06:40,142.10,100,103350
20221103,11:06:41,142.40,50,103350
20221103,11:08:57,143.40,50,103300
20221103,11:10:01,143.40,50,103300
20221103,11:10:10,143.40,50,103300
20221103,11:10:18,143.40,50,103300
20221103,11:11:04,143.00,500,103300
20221103,11:11:25,140.90,50,103300
20221103,11:11:43,140.90,50,103300
20221103,11:12:16,141.50,50,103400
20221103,11:12:20,141.50,150,103400
20221103,11:12:26,141.50,100,103400
20221103,11:12:28,141.50,150,103400
20221103,11:12:31,141.65,250,103400
20221103,11:12:54,140.90,100,103400
20221103,11:13:18,141.45,50,103400
20221103,11:13:31,139.05,100,103400
20221103,11:13:34,138.10,100,103400
20221103,11:13:59,138.05,50,103400
20221103,11:14:11,137.50,100,103400
20221103,11:14:29,138.20,50,103400
20221103,11:14:52,137.50,50,103400
20221103,11:15:07,137.05,50,103900
20221103,11:15:09,137.10,100,103900
20221103,11:15:10,137.30,50,103900
20221103,11:15:48,135.35,650,103900
20221103,11:16:08,134.05,50,103900
20221103,11:16:14,135.35,50,103900
20221103,11:16:53,135.45,250,103900
20221103,11:16:57,134.90,50,103900
20221103,11:16:58,134.85,100,103900
20221103,11:16:59,135.15,200,103900
20221103,11:17:03,135.15,100,103900
20221103,11:17:05,135.30,100,103900
20221103,11:17:20,134.15,50,103900
20221103,11:17:25,134.05,150,103900
20221103,11:17:30,133.60,50,103900
20221103,11:17:32,134.40,50,103900
20221103,11:17:34,134.40,50,103900
20221103,11:17:39,134.25,50,103900
20221103,11:17:40,134.45,200,103900
20221103,11:17:43,133.45,50,103900
20221103,11:17:44,133.45,100,103900
20221103,11:17:45,134.15,50,103900
20221103,11:17:48,133.50,50,103900
20221103,11:17:54,133.75,50,105650
20221103,11:17:55,133.85,50,105650
20221103,11:17:56,133.95,50,105650
20221103,11:17:59,134.10,100,105650
20221103,11:18:01,133.35,50,105650
20221103,11:18:04,133.35,50,105650
20221103,11:18:14,134.00,50,105650
20221103,11:18:26,134.45,100,105650
20221103,11:18:27,134.70,100,105650
20221103,11:18:28,134.65,50,105650
20221103,11:18:33,134.50,150,105650
20221103,11:18:36,133.60,100,105650
20221103,11:19:21,135.30,200,105650
20221103,11:19:26,135.45,50,105650
20221103,11:19:29,135.60,100,105650
20221103,11:19:42,135.75,50,105650
20221103,11:19:45,135.20,50,105650
20221103,11:19:49,135.15,200,105650
20221103,11:19:50,135.15,50,105650
20221103,11:19:55,135.20,200,105650
20221103,11:19:57,135.55,100,105650
20221103,11:19:59,135.75,350,105650
20221103,11:20:02,135.55,50,105650
20221103,11:20:07,135.25,50,105650
20221103,11:20:17,135.40,50,105650
20221103,11:20:19,135.35,100,105650
20221103,11:20:20,135.40,50,105650
20221103,11:20:21,135.30,300,105650
20221103,11:20:22,135.50,50,105650
20221103,11:20:23,135.80,50,105650
20221103,11:20:24,135.90,150,105650
20221103,11:20:26,136.00,250,105650
20221103,11:20:27,136.05,50,105650
20221103,11:20:28,136.05,350,105650
20221103,11:20:29,136.10,50,105650
20221103,11:20:33,136.00,50,105650
20221103,11:20:39,135.55,600,105650
20221103,11:20:46,135.00,50,105650
20221103,11:21:17,134.55,50,108300
20221103,11:21:30,134.85,100,108300
20221103,11:21:42,134.05,200,108300
20221103,11:21:43,133.05,200,108300
20221103,11:21:44,133.05,200,108300
20221103,11:21:48,133.95,350,108300
20221103,11:21:50,133.45,50,108300
20221103,11:21:59,133.70,50,108300
20221103,11:22:00,133.70,350,108300
20221103,11:22:03,133.00,50,108300
20221103,11:22:04,133.00,50,108300
20221103,11:22:05,133.30,250,108300
20221103,11:23:58,133.45,50,109600
20221103,11:24:15,134.00,50,109600
20221103,11:25:05,135.45,50,109600
20221103,11:25:28,134.05,250,109600
20221103,11:25:37,135.70,50,109600
20221103,11:28:23,137.95,100,109750
20221103,11:28:46,136.05,50,109750
20221103,11:31:04,137.35,200,109850
20221103,11:32:21,137.55,50,109850
20221103,11:32:22,137.55,50,109850
20221103,11:33:21,138.30,100,109950
20221103,11:34:14,139.25,50,109950
20221103,11:35:44,143.60,150,109950
20221103,11:35:46,142.50,50,109950
20221103,11:38:30,143.45,50,109750
20221103,11:38:31,143.85,50,109750
20221103,11:38:35,143.95,50,109750
20221103,11:39:43,144.00,50,109750
20221103,11:39:46,144.00,50,109750
20221103,11:39:48,145.00,300,109750
20221103,11:39:49,145.00,150,109750
20221103,11:39:55,145.00,100,109750
20221103,11:40:01,146.40,50,109750
20221103,11:40:02,146.40,150,109750
20221103,11:40:12,149.05,50,109750
20221103,11:40:28,147.95,50,109750
20221103,11:40:47,148.75,50,109750
20221103,11:40:52,148.40,50,109750
20221103,11:41:13,148.85,50,109750
20221103,11:41:19,148.50,50,109750
20221103,11:41:49,148.75,50,109750
20221103,11:41:57,149.50,50,109750
20221103,11:41:58,150.00,200,109750
20221103,11:41:59,150.00,100,109750
20221103,11:42:34,150.00,300,109350
20221103,11:43:27,148.50,50,109350
20221103,11:43:27,147.75,400,109350
20221103,11:43:37,146.60,50,109350
20221103,11:43:56,145.55,100,109350
20221103,11:44:06,145.85,50,109350
20221103,11:44:34,145.50,100,109350
20221103,11:45:16,148.45,50,109500
20221103,11:45:50,149.50,100,109500
20221103,11:46:03,149.50,200,109500
20221103,11:46:08,149.50,50,109500
20221103,11:46:16,148.50,50,109500
20221103,11:46:17,147.10,50,109500
20221103,11:46:22,146.40,50,109500
20221103,11:46:27,145.40,50,109500
20221103,11:47:17,144.00,50,109500
20221103,11:49:16,146.30,50,109700
20221103,11:49:50,147.30,100,109700
20221103,11:50:41,148.25,50,109700
20221103,11:50:50,149.00,50,109700
20221103,11:52:16,149.00,50,109650
20221103,11:52:19,149.00,50,109650
20221103,11:52:43,149.00,50,109650
20221103,11:53:22,149.00,50,109650
20221103,11:53:26,146.80,50,109650
20221103,11:53:32,146.05,50,109650
20221103,11:54:26,148.70,50,109650
20221103,11:54:42,150.00,400,109900
20221103,11:55:23,151.00,50,109900
20221103,11:55:25,151.00,1750,109900
20221103,11:55:27,149.45,50,109900
20221103,11:56:34,149.05,150,109900
20221103,11:56:37,149.30,50,109900
20221103,11:57:19,148.25,50,110800
20221103,11:59:18,149.00,150,110800
20221103,11:59:51,147.75,150,110800
20221103,12:00:07,148.00,50,110800
20221103,12:00:16,148.00,50,110850
20221103,12:00:22,146.75,50,110850
20221103,12:00:27,146.90,50,110850
20221103,12:00:28,146.80,50,110850
20221103,12:00:42,147.50,300,110850
20221103,12:00:46,147.00,50,110850
20221103,12:00:47,146.95,50,110850
20221103,12:00:51,147.50,50,110850
20221103,12:00:52,147.55,50,110850
20221103,12:01:04,148.90,50,110850
20221103,12:04:26,148.15,50,111100
20221103,12:04:28,147.15,50,111100
20221103,12:04:31,145.75,50,111100
20221103,12:04:33,146.00,100,111100
20221103,12:04:46,145.80,50,111100
20221103,12:04:52,145.80,50,111100
20221103,12:04:57,146.05,50,111100
20221103,12:05:02,145.80,50,111100
20221103,12:05:03,146.05,100,111100
20221103,12:05:12,146.35,50,111100
20221103,12:05:22,145.90,50,111100
20221103,12:05:31,145.75,300,111100
20221103,12:05:46,146.05,50,111100
20221103,12:05:51,146.00,50,111100
20221103,12:06:47,145.45,50,111050
20221103,12:06:59,145.55,50,111050
20221103,12:07:03,145.65,50,111050
20221103,12:07:13,145.55,50,111050
20221103,12:07:25,144.75,50,111050
20221103,12:08:42,148.00,50,111050
20221103,12:11:27,146.25,50,111150
20221103,12:13:14,147.25,50,111200
20221103,12:15:10,147.50,50,111200
20221103,12:16:19,149.20,150,111200
20221103,12:17:07,149.40,100,111200
20221103,12:18:41,149.50,50,111200
20221103,12:19:15,149.35,50,111250
20221103,12:19:29,148.00,50,111250
20221103,12:20:12,149.50,300,111250
20221103,12:21:02,149.30,50,111250
20221103,12:21:25,147.50,200,111200
20221103,12:21:42,149.45,50,111200
20221103,12:22:05,149.45,250,111200
20221103,12:22:06,149.45,50,111200
20221103,12:24:33,148.20,100,111550
20221103,12:25:00,149.00,50,111550
20221103,12:26:04,149.75,50,111550
20221103,12:26:27,149.75,50,111550
20221103,12:26:29,149.00,100,111550
20221103,12:27:10,149.85,50,111550
20221103,12:27:18,149.50,100,111700
20221103,12:27:55,149.00,150,111700
20221103,12:28:35,143.60,100,111700
20221103,12:28:35,143.60,50,111700
20221103,12:28:36,143.75,150,111700
20221103,12:28:41,143.75,100,111700
20221103,12:28:43,144.40,150,111700
20221103,12:28:44,144.10,50,111700
20221103,12:29:54,145.45,50,111700
20221103,12:30:01,147.20,50,111700
20221103,12:30:31,146.90,400,112000
20221103,12:31:31,147.95,50,112000
20221103,12:31:52,150.40,50,112000
20221103,12:31:58,150.00,50,112000
20221103,12:34:59,150.00,50,112150
20221103,12:35:07,150.25,50,112150
20221103,12:35:18,151.00,50,112150
20221103,12:35:27,151.00,100,112150
20221103,12:35:41,150.55,100,112150
20221103,12:38:44,150.55,100,112150
20221103,12:39:11,150.95,50,112250
20221103,12:40:36,149.50,50,112250
20221103,12:42:06,146.35,100,112250
20221103,12:42:20,147.25,50,112250
20221103,12:44:30,150.90,100,112250
20221103,12:44:41,150.95,150,112250
20221103,12:44:54,150.80,50,112250
20221103,12:45:39,151.45,50,112150
20221103,12:48:06,151.45,50,112150
20221103,12:49:17,151.75,50,112200
20221103,12:49:36,152.60,250,112200
20221103,12:49:41,151.75,50,112200
20221103,12:50:07,152.00,50,112200
20221103,12:50:28,152.45,50,112200
20221103,12:51:30,152.50,150,112350
20221103,12:51:45,153.00,50,112350
20221103,12:53:04,155.85,50,112350
20221103,12:53:09,156.70,50,112350
20221103,12:54:42,158.75,50,112150
20221103,12:55:26,157.15,50,112150
20221103,12:55:57,159.00,100,112150
20221103,12:56:00,160.00,250,112150
20221103,12:56:27,159.65,50,112150
20221103,12:57:51,157.50,50,112100
20221103,12:57:53,156.70,150,112100
20221103,12:58:48,156.70,50,112100
20221103,12:59:07,159.20,100,112100
20221103,12:59:47,157.60,50,112100
20221103,13:00:14,158.75,50,112100
20221103,13:01:20,156.50,50,112100
20221103,13:01:30,156.85,50,112100
20221103,13:03:02,157.85,50,112100
20221103,13:03:09,158.75,150,112100
20221103,13:03:15,158.75,100,111950
20221103,13:03:20,159.20,50,111950
20221103,13:03:38,160.00,50,111950
20221103,13:03:48,159.45,50,111950
20221103,13:04:05,158.55,50,111950
20221103,13:04:16,159.95,50,111950
20221103,13:04:21,159.80,50,111950
20221103,13:04:32,159.10,250,111950
20221103,13:04:56,158.65,50,111950
20221103,13:05:06,158.95,300,111950
20221103,13:05:11,159.00,150,111950
20221103,13:05:26,159.00,50,111950
20221103,13:05:42,160.00,50,111950
20221103,13:05:47,160.90,500,111950
20221103,13:05:58,160.95,50,111950
20221103,13:06:32,160.00,50,111900
20221103,13:07:10,158.00,50,111900
20221103,13:07:42,157.45,50,111900
20221103,13:08:10,156.00,200,111900
20221103,13:08:19,156.55,150,111900
20221103,13:09:32,151.25,100,111550
20221103,13:10:22,152.00,50,111550
20221103,13:10:23,152.00,100,111550
20221103,13:10:34,152.00,50,111550
20221103,13:10:40,152.65,50,111550
20221103,13:11:03,152.00,150,111550
20221103,13:11:28,150.80,100,111550
20221103,13:11:35,150.50,50,111550
20221103,13:11:41,150.75,50,111550
20221103,13:11:50,148.80,50,111550
20221103,13:12:00,149.00,100,111550
20221103,13:12:20,149.00,100,111450
20221103,13:12:47,149.15,100,111450
20221103,13:13:07,148.25,50,111450
20221103,13:13:09,148.00,50,111450
20221103,13:13:17,147.30,50,111450
20221103,13:13:18,147.25,50,111450
20221103,13:13:22,146.85,200,111450
20221103,13:13:23,147.80,50,111450
20221103,13:13:45,147.85,100,111450
20221103,13:13:47,148.40,150,111450
20221103,13:13:58,148.80,50,111450
20221103,13:13:59,148.15,50,111450
20221103,13:14:35,146.75,100,111450
20221103,13:14:37,146.80,50,111450
20221103,13:14:54,147.35,150,111450
20221103,13:15:01,147.20,350,111450
20221103,13:15:03,146.60,100,111450
20221103,13:15:06,146.10,100,111450
20221103,13:15:10,146.30,50,111450
20221103,13:15:11,146.00,100,111450
20221103,13:15:35,144.00,450,112450
20221103,13:15:40,144.00,150,112450
20221103,13:15:53,144.60,50,112450
20221103,13:15:55,145.40,50,112450
20221103,13:16:02,145.25,50,112450
20221103,13:16:05,145.95,100,112450
20221103,13:16:16,145.70,100,112450
20221103,13:16:18,145.95,300,112450
20221103,13:16:19,146.15,200,112450
20221103,13:16:21,146.30,100,112450
20221103,13:16:22,146.30,100,112450
20221103,13:16:33,146.20,50,112450
20221103,13:16:41,146.65,50,112450
20221103,13:16:42,146.80,50,112450
20221103,13:16:57,147.50,100,112450
20221103,13:17:00,147.00,50,112450
20221103,13:17:11,147.70,100,112450
20221103,13:17:16,147.05,100,112450
20221103,13:17:17,147.00,100,112450
20221103,13:17:26,148.15,150,112450
20221103,13:17:41,147.75,50,112450
20221103,13:17:43,147.75,50,112450
20221103,13:17:54,147.75,50,112450
20221103,13:18:02,147.75,100,112450
20221103,13:18:55,148.20,50,112550
20221103,13:19:06,147.55,100,112550
20221103,13:19:10,147.40,150,112550
20221103,13:19:15,147.95,200,112550
20221103,13:19:19,147.25,50,112550
20221103,13:19:24,147.60,600,112550
20221103,13:19:28,147.55,50,112550
20221103,13:19:33,147.10,200,112550
20221103,13:19:38,147.10,150,112550
20221103,13:19:43,146.65,50,112550
20221103,13:19:48,146.70,50,112550
20221103,13:19:52,145.35,400,112550
20221103,13:19:55,144.95,100,112550
20221103,13:19:57,144.95,50,112550
20221103,13:19:59,144.90,50,112550
20221103,13:20:04,143.80,100,112550
20221103,13:20:54,145.05,150,112550
20221103,13:20:59,144.00,50,112550
20221103,13:21:09,144.75,50,112550
20221103,13:21:14,145.15,50,112550
20221103,13:21:18,145.30,50,112750
20221103,13:21:28,146.40,50,112750
20221103,13:21:38,146.00,50,112750
20221103,13:21:43,145.60,50,112750
20221103,13:21:48,145.55,50,112750
20221103,13:21:53,145.20,100,112750
20221103,13:22:04,144.40,100,112750
20221103,13:22:31,146.35,50,112750
20221103,13:22:32,144.65,100,112750
20221103,13:23:33,148.10,50,112750
20221103,13:24:08,146.00,50,112750
20221103,13:24:30,145.35,50,112900
20221103,13:24:54,145.00,50,112900
20221103,13:25:18,144.20,100,112900
20221103,13:25:32,144.50,100,112900
20221103,13:25:37,144.50,100,112900
20221103,13:25:42,144.15,50,112900
20221103,13:25:47,145.65,1950,112900
20221103,13:25:52,143.55,50,112900
20221103,13:25:57,142.70,50,112900
20221103,13:26:08,141.30,100,112900
20221103,13:26:39,142.00,100,112900
20221103,13:26:44,141.20,200,112900
20221103,13:27:43,141.15,50,113650
20221103,13:30:21,141.80,50,113650
20221103,13:30:26,142.20,50,113650
20221103,13:30:36,144.10,200,113650
20221103,13:30:47,144.10,250,113650
20221103,13:30:52,144.00,100,113650
20221103,13:30:55,143.00,400,113650
20221103,13:31:12,144.15,50,113650
20221103,13:31:39,144.95,50,113650
20221103,13:32:06,146.90,200,113650
20221103,13:32:12,145.50,50,113650
20221103,13:32:15,146.50,100,113650
20221103,13:32:40,146.40,50,113650
20221103,13:33:28,146.00,650,113500
20221103,13:34:13,144.85,50,113500
20221103,13:37:18,143.20,100,113700
20221103,13:38:18,140.50,150,113700
20221103,13:38:53,140.00,50,113700
20221103,13:38:58,138.95,150,113700
20221103,13:39:33,137.00,50,113850
20221103,13:39:38,137.00,50,113850
20221103,13:40:21,137.35,200,113850
20221103,13:40:26,137.55,200,113850
20221103,13:40:36,137.45,100,113850
20221103,13:40:46,136.25,150,113850
20221103,13:40:51,136.70,50,113850
20221103,13:41:17,134.00,100,113850
20221103,13:42:14,134.05,50,113850
20221103,13:42:54,134.05,50,113400
20221103,13:42:59,134.45,50,113400
20221103,13:43:04,134.70,150,113400
20221103,13:43:09,134.60,350,113400
20221103,13:43:47,134.00,50,113400
20221103,13:43:52,134.00,100,113400
20221103,13:43:57,134.00,100,113400
20221103,13:44:02,134.00,550,113400
20221103,13:44:07,134.00,100,113400
20221103,13:44:37,134.00,150,113400
20221103,13:44:42,134.05,150,113400
20221103,13:44:46,134.00,350,113400
20221103,13:44:51,134.00,500,113400
20221103,13:45:01,134.00,50,113400
20221103,13:45:15,133.90,150,113400
20221103,13:45:41,133.75,50,115450
20221103,13:45:51,134.50,50,115450
20221103,13:46:01,134.50,200,115450
20221103,13:46:35,136.95,200,115450
20221103,13:46:40,137.95,250,115450
20221103,13:46:44,137.35,200,115450
20221103,13:46:49,137.05,150,115450
20221103,13:46:54,137.25,150,115450
20221103,13:46:56,137.25,100,115450
20221103,13:46:56,137.30,50,115450
20221103,13:47:27,137.70,50,115450
20221103,13:47:29,138.00,100,115450
20221103,13:47:34,138.15,50,115450
20221103,13:47:39,137.95,50,115450
20221103,13:47:49,137.40,150,115450
20221103,13:47:54,137.00,300,115450
20221103,13:48:00,136.60,100,115450
20221103,13:48:16,136.60,150,115450
20221103,13:48:18,136.60,550,115750
20221103,13:48:25,135.90,50,115750
20221103,13:48:32,136.00,100,115750
20221103,13:48:33,136.00,50,115750
20221103,13:48:34,136.00,100,115750
20221103,13:48:35,136.40,50,115750
20221103,13:48:36,136.35,50,115750
20221103,13:48:45,135.95,100,115750
20221103,13:48:46,136.00,50,115750
20221103,13:48:48,136.10,200,115750
20221103,13:48:51,136.20,50,115750
20221103,13:48:52,136.10,100,115750
20221103,13:48:57,136.10,50,115750
20221103,13:48:58,135.90,50,115750
20221103,13:49:01,136.05,50,115750
20221103,13:49:02,136.25,50,115750
20221103,13:49:03,137.35,50,115750
20221103,13:49:10,136.15,50,115750
20221103,13:49:22,137.10,1050,115750
20221103,13:49:24,137.35,50,115750
20221103,13:49:25,138.35,100,115750
20221103,13:49:27,137.70,50,115750
20221103,13:49:28,139.05,100,115750
20221103,13:49:32,138.70,100,115750
20221103,13:49:50,138.85,50,115750
20221103,13:50:24,139.95,50,115750
20221103,13:50:28,138.25,50,115750
20221103,13:50:29,139.10,50,115750
20221103,13:50:34,139.60,50,115750
20221103,13:51:14,140.00,50,115750
20221103,13:51:16,139.75,50,115750
20221103,13:51:29,142.00,50,116400
20221103,13:51:33,144.35,50,116400
20221103,13:51:41,143.50,50,116400
20221103,13:51:42,143.40,50,116400
20221103,13:52:50,142.35,50,116400
20221103,13:53:04,143.55,50,116400
20221103,13:53:32,143.60,200,116400
20221103,13:53:34,143.40,100,116400
20221103,13:54:13,143.10,100,116400
20221103,13:54:14,143.10,300,116400
20221103,13:54:22,143.10,50,116850
20221103,13:54:23,143.10,100,116850
20221103,13:54:28,142.70,150,116850
20221103,13:54:41,142.90,100,116850
20221103,13:54:47,142.60,50,116850
20221103,13:54:57,142.80,50,116850
20221103,13:55:06,143.15,50,116850
20221103,13:55:11,143.30,100,116850
20221103,13:55:15,144.50,200,116850
20221103,13:55:39,143.80,50,116850
20221103,13:55:44,144.00,100,116850
20221103,13:55:48,143.75,250,116850
20221103,13:55:58,143.55,50,116850
20221103,13:56:04,144.10,150,116850
20221103,13:56:18,144.50,150,116850
20221103,13:56:19,144.85,100,116850
20221103,13:56:24,146.95,250,116850
20221103,13:56:25,147.00,50,116850
20221103,13:56:34,146.45,200,116850
20221103,13:56:36,146.55,150,116850
20221103,13:56:37,146.50,250,116850
20221103,13:56:40,146.55,100,116850
20221103,13:56:41,147.00,100,116850
20221103,13:56:43,146.90,50,116850
20221103,13:57:26,149.45,150,118450
20221103,13:57:31,149.55,50,118450
20221103,13:57:36,149.55,50,118450
20221103,13:57:46,149.30,1200,118450
20221103,13:57:57,146.30,1000,118450
20221103,13:58:07,147.50,1000,118450
20221103,13:58:18,148.20,50,118450
20221103,13:58:24,149.00,1050,118450
20221103,13:58:40,150.00,100,118450
20221103,13:58:45,148.35,1000,118450
20221103,13:58:56,148.35,500,118450
20221103,13:59:02,149.00,50,118450
20221103,13:59:16,148.00,300,118450
20221103,13:59:25,147.10,200,118450
20221103,13:59:37,146.35,100,118450
20221103,13:59:42,146.55,50,118450
20221103,13:59:48,146.65,100,118450
20221103,13:59:54,146.65,100,118450
20221103,14:00:02,146.80,150,118450
20221103,14:00:07,147.10,100,118450
20221103,14:00:12,147.10,50,118450
20221103,14:00:17,147.10,50,118450
20221103,14:00:32,147.40,100,123000
20221103,14:00:42,147.45,100,123000
20221103,14:00:52,147.50,100,123000
20221103,14:00:57,146.25,100,123000
20221103,14:01:03,145.00,100,123000
20221103,14:01:08,146.80,50,123000
20221103,14:01:13,145.70,50,123000
20221103,14:01:32,146.30,50,123000
20221103,14:02:21,145.50,200,123000
20221103,14:02:22,144.00,50,123000
20221103,14:02:31,145.55,150,123000
20221103,14:03:02,147.00,50,123000
20221103,14:04:28,146.00,500,123150
20221103,14:04:33,145.70,500,123150
20221103,14:04:43,144.10,500,123150
20221103,14:04:53,147.75,600,123150
20221103,14:05:05,145.20,500,123150
20221103,14:06:21,144.30,100,123150
20221103,14:06:26,144.90,400,124600
20221103,14:06:35,144.40,550,124600
20221103,14:06:40,145.80,50,124600
20221103,14:06:50,144.00,300,124600
20221103,14:06:54,143.10,200,124600
20221103,14:07:02,142.55,500,124600
20221103,14:07:11,141.65,500,124600
20221103,14:07:26,141.10,500,124600
20221103,14:07:30,141.55,150,124600
20221103,14:07:36,141.00,50,124600
20221103,14:07:44,139.25,50,124600
20221103,14:07:45,139.00,100,124600
20221103,14:07:49,139.00,200,124600
20221103,14:07:52,139.05,100,124600
20221103,14:07:55,140.00,250,124600
20221103,14:09:01,143.00,50,124600
20221103,14:09:11,142.45,50,124600
20221103,14:09:36,144.85,50,125950
20221103,14:11:15,144.55,150,125950
20221103,14:11:42,143.55,150,125950
20221103,14:12:23,141.15,200,126150
20221103,14:12:56,140.00,50,126150
20221103,14:13:08,139.55,50,126150
20221103,14:13:24,138.55,50,126150
20221103,14:13:52,141.30,100,126150
20221103,14:14:33,142.30,100,126150
20221103,14:14:58,142.30,50,126150
20221103,14:19:18,147.00,50,126150
20221103,14:19:35,146.95,650,125800
20221103,14:20:02,147.00,50,125800
20221103,14:20:14,146.35,250,125800
20221103,14:20:50,145.00,50,125800
20221103,14:21:03,146.10,200,125800
20221103,14:21:16,145.65,100,125800
20221103,14:22:41,144.95,500,126200
20221103,14:22:49,144.00,500,126200
20221103,14:22:55,143.75,500,126200
20221103,14:23:03,143.30,500,126200
20221103,14:23:07,144.05,250,126200
20221103,14:23:08,144.20,250,126200
20221103,14:23:09,144.30,50,126200
20221103,14:23:10,143.90,650,126200
20221103,14:23:44,146.35,50,126200
20221103,14:23:45,145.60,500,126200
20221103,14:24:08,147.40,400,126200
20221103,14:24:13,147.95,200,126200
20221103,14:24:28,147.80,100,126200
20221103,14:24:38,147.90,50,129200
20221103,14:26:04,149.20,50,129200
20221103,14:26:07,147.90,50,129200
20221103,14:26:14,148.70,50,129200
20221103,14:26:25,148.85,100,129200
20221103,14:26:27,147.30,50,129200
20221103,14:26:48,145.75,300,129200
20221103,14:27:44,143.65,50,129000
20221103,14:28:00,142.85,50,129000
20221103,14:28:09,142.40,200,129000
20221103,14:28:12,143.00,50,129000
20221103,14:28:25,143.00,150,129000
20221103,14:28:33,143.00,150,129000
20221103,14:28:36,143.00,50,129000
20221103,14:28:42,143.50,50,129000
20221103,14:28:46,144.60,50,129000
20221103,14:28:48,144.85,50,129000
20221103,14:28:50,144.90,50,129000
20221103,14:28:51,144.90,100,129000
20221103,14:28:55,145.00,50,129000
20221103,14:28:56,144.95,50,129000
20221103,14:29:22,145.15,150,129000
20221103,14:30:33,141.65,250,129500
20221103,14:30:53,140.00,50,129500
20221103,14:31:32,140.25,50,129500
20221103,14:31:37,139.30,50,129500
20221103,14:31:47,140.50,50,129500
20221103,14:31:59,140.15,50,129500
20221103,14:32:25,139.20,100,129500
20221103,14:32:48,138.60,50,129500
20221103,14:32:50,138.00,100,129500
20221103,14:33:33,134.25,50,129600
20221103,14:33:41,134.00,1600,129600
20221103,14:33:42,134.00,800,129600
20221103,14:33:49,133.00,250,129600
20221103,14:33:52,133.00,250,129600
20221103,14:34:02,133.00,50,129600
20221103,14:34:07,133.70,50,129600
20221103,14:36:32,137.30,50,129600
20221103,14:38:59,138.30,50,130400
20221103,14:39:10,137.30,50,130400
20221103,14:40:37,137.50,50,130400
20221103,14:42:11,136.10,500,130400
20221103,14:42:22,137.20,200,130400
20221103,14:42:27,137.95,100,130400
20221103,14:42:37,138.75,50,130750
20221103,14:42:41,139.65,100,130750
20221103,14:43:04,139.95,350,130750
20221103,14:43:13,140.00,50,130750
20221103,14:43:26,138.50,50,130750
20221103,14:43:31,138.60,50,130750
20221103,14:43:47,138.55,100,130750
20221103,14:43:52,138.75,50,130750
20221103,14:44:34,138.00,50,130750
20221103,14:44:55,136.20,100,130750
20221103,14:45:07,135.90,200,130750
20221103,14:45:16,136.05,100,130750
20221103,14:47:16,138.40,50,130500
20221103,14:47:33,137.00,50,130500
20221103,14:47:42,137.20,50,130500
20221103,14:47:44,136.15,50,130500
20221103,14:48:17,138.35,100,130500
20221103,14:49:23,137.25,50,130500
20221103,14:49:33,134.25,100,130500
20221103,14:49:50,135.15,500,130500
20221103,14:50:20,135.00,50,130500
20221103,14:50:30,135.05,50,130500
20221103,14:50:33,136.00,50,130500
20221103,14:50:44,136.20,50,130500
20221103,14:51:05,135.00,50,130500
20221103,14:51:06,135.60,50,130500
20221103,14:51:12,135.00,150,130500
20221103,14:51:33,134.50,50,129750
20221103,14:51:38,134.50,50,129750
20221103,14:51:41,134.50,200,129750
20221103,14:51:53,133.30,50,129750
20221103,14:52:03,133.65,50,129750
20221103,14:52:11,133.35,50,129750
20221103,14:52:16,133.45,50,129750
20221103,14:52:18,133.70,50,129750
20221103,14:52:19,133.50,50,129750
20221103,14:52:21,133.65,50,129750
20221103,14:52:31,133.75,50,129750
20221103,14:52:33,134.90,50,129750
20221103,14:52:34,134.35,100,129750
20221103,14:52:35,134.35,50,129750
20221103,14:52:36,134.35,200,129750
20221103,14:52:41,135.00,150,129750
20221103,14:52:42,135.00,250,129750
20221103,14:52:58,135.00,100,129750
20221103,14:53:42,133.30,100,129750
20221103,14:55:05,136.00,50,129850
20221103,14:55:19,135.70,50,129850
20221103,14:56:21,136.85,50,129850
20221103,14:56:47,136.80,50,129850
20221103,14:57:08,135.50,100,129850
20221103,14:57:43,134.60,50,129850
20221103,14:58:29,134.15,50,129850
20221103,14:58:31,134.15,50,129850
20221103,14:58:38,134.15,50,129850
20221103,14:58:43,134.15,100,129850
20221103,14:58:55,133.55,50,129850
20221103,14:58:58,134.65,50,129850
20221103,14:59:03,134.20,50,129850
20221103,14:59:08,134.80,100,129850
20221103,14:59:14,134.75,50,129850
20221103,14:59:43,135.80,200,129850
20221103,15:00:04,133.50,50,129850
20221103,15:00:11,131.00,50,129850
20221103,15:00:14,128.25,100,129850
20221103,15:00:32,128.25,50,129850
20221103,15:01:52,128.25,500,130250
20221103,15:02:00,129.40,950,130250
20221103,15:02:22,128.50,50,130250
20221103,15:02:43,128.00,50,130250
20221103,15:02:54,127.35,300,130250
20221103,15:03:05,126.80,150,130250
20221103,15:03:15,126.70,250,130250
20221103,15:03:21,126.70,100,130250
20221103,15:03:36,128.15,650,129550
20221103,15:03:42,128.15,50,129550
20221103,15:03:59,128.05,100,129550
20221103,15:04:01,128.05,150,129550
20221103,15:04:02,128.05,200,129550
20221103,15:04:07,128.05,100,129550
20221103,15:04:09,128.00,50,129550
20221103,15:04:10,128.00,50,129550
20221103,15:04:12,128.00,100,129550
20221103,15:04:18,128.00,50,129550
20221103,15:04:25,129.85,100,129550
20221103,15:04:38,129.85,50,129550
20221103,15:04:54,127.85,750,129550
20221103,15:04:55,127.70,50,129550
20221103,15:05:02,127.00,150,129550
20221103,15:05:08,126.20,50,129550
20221103,15:05:24,126.20,50,129550
20221103,15:05:29,127.85,50,129550
20221103,15:05:34,127.75,50,129550
20221103,15:06:15,127.70,50,129550
20221103,15:06:30,127.80,50,129550
20221103,15:06:45,128.15,150,128900
20221103,15:07:11,128.50,50,128900
20221103,15:07:12,128.75,50,128900
20221103,15:07:13,129.05,50,128900
20221103,15:07:15,129.05,200,128900
20221103,15:07:28,128.95,400,128900
20221103,15:07:31,128.40,50,128900
20221103,15:08:05,126.20,350,128900
20221103,15:08:22,126.80,150,128900
20221103,15:08:22,126.75,50,128900
20221103,15:08:23,126.80,150,128900
20221103,15:08:24,126.80,200,128900
20221103,15:08:25,126.80,50,128900
20221103,15:09:19,126.15,1050,128900
20221103,15:09:24,126.00,400,128900
20221103,15:09:34,126.00,50,128600
20221103,15:09:49,126.75,50,128600
20221103,15:10:04,126.00,50,128600
20221103,15:10:10,126.05,200,128600
20221103,15:10:15,126.00,50,128600
20221103,15:10:34,126.00,600,128600
20221103,15:10:39,126.30,100,128600
20221103,15:10:49,126.00,50,128600
20221103,15:11:08,126.30,900,128600
20221103,15:11:17,125.45,200,128600
20221103,15:11:22,125.30,150,128600
20221103,15:11:28,125.15,50,128600
20221103,15:11:30,125.15,50,128600
20221103,15:11:33,126.05,50,128600
20221103,15:11:38,125.70,50,128600
20221103,15:11:39,126.20,50,128600
20221103,15:11:40,125.70,50,128600
20221103,15:11:41,125.60,50,128600
20221103,15:11:52,126.00,150,128600
20221103,15:12:11,125.90,50,128600
20221103,15:13:37,126.70,150,128600
20221103,15:13:41,126.00,50,128600
20221103,15:14:13,126.75,50,128600
20221103,15:14:30,127.65,100,128600
20221103,15:14:32,127.25,50,128600
20221103,15:14:33,127.90,100,128600
20221103,15:15:01,128.75,100,128600
20221103,15:15:17,129.00,50,128600
20221103,15:15:27,130.00,150,128600
20221103,15:15:29,128.95,150,128600
20221103,15:15:35,129.95,50,128600
20221103,15:15:37,130.00,100,128750
20221103,15:15:38,130.85,300,128750
20221103,15:15:43,130.45,50,128750
20221103,15:15:51,130.00,50,128750
20221103,15:15:57,129.35,50,128750
20221103,15:16:03,130.00,50,128750
20221103,15:16:27,130.25,50,128750
20221103,15:16:32,129.50,50,128750
20221103,15:16:42,129.55,500,128750
20221103,15:16:48,130.25,50,128750
20221103,15:16:49,131.05,50,128750
20221103,15:16:50,130.10,100,128750
20221103,15:17:28,130.00,50,128750
20221103,15:17:42,128.00,300,128750
20221103,15:17:43,128.00,450,128750
20221103,15:17:48,128.00,50,128750
20221103,15:17:49,128.00,250,128750
20221103,15:17:54,128.00,100,128750
20221103,15:17:57,127.00,850,128750
20221103,15:17:58,128.00,50,128750
20221103,15:18:07,128.40,100,128750
20221103,15:18:08,129.15,50,128750
20221103,15:18:24,127.65,50,128750
20221103,15:18:43,127.65,50,128750
20221103,15:18:48,127.65,100,130150
20221103,15:18:56,127.65,50,130150
20221103,15:19:03,128.60,50,130150
20221103,15:19:07,128.00,50,130150
20221103,15:19:15,128.10,250,130150
20221103,15:19:18,127.85,50,130150
20221103,15:19:20,127.60,50,130150
20221103,15:19:22,128.30,50,130150
20221103,15:19:26,127.90,50,130150
20221103,15:19:27,127.70,50,130150
20221103,15:19:28,127.55,50,130150
20221103,15:19:33,128.00,50,130150
20221103,15:19:51,127.45,100,130150
20221103,15:19:56,127.90,250,130150
20221103,15:20:03,127.60,150,130150
20221103,15:20:18,127.45,150,130150
20221103,15:20:19,127.40,100,130150
20221103,15:20:21,127.30,50,130150
20221103,15:20:24,127.30,50,130150
20221103,15:20:26,127.00,100,130150
20221103,15:20:29,127.00,50,130150
20221103,15:20:48,126.40,200,130150
20221103,15:20:49,126.25,50,130150
20221103,15:20:55,125.95,100,130150
20221103,15:21:05,125.85,50,130150
20221103,15:21:06,125.60,50,130150
20221103,15:21:11,125.70,50,130150
20221103,15:21:13,125.65,100,130150
20221103,15:21:22,126.05,50,130150
20221103,15:21:27,126.05,100,130150
20221103,15:21:29,127.00,50,130150
20221103,15:21:41,126.90,50,130550
20221103,15:21:45,127.10,50,130550
20221103,15:21:46,127.35,50,130550
20221103,15:21:49,126.35,500,130550
20221103,15:21:55,126.75,50,130550
20221103,15:21:57,127.20,50,130550
20221103,15:22:01,127.35,50,130550
20221103,15:22:02,127.45,50,130550
20221103,15:22:11,127.50,50,130550
20221103,15:22:12,127.35,50,130550
20221103,15:22:15,127.45,50,130550
20221103,15:22:17,127.50,50,130550
20221103,15:22:21,127.25,50,130550
20221103,15:22:26,127.50,50,130550
20221103,15:22:28,127.50,50,130550
20221103,15:22:29,127.50,50,130550
20221103,15:22:30,127.35,50,130550
20221103,15:22:31,127.50,50,130550
20221103,15:22:51,127.50,50,130550
20221103,15:22:52,127.50,150,130550
20221103,15:23:05,127.70,50,130550
20221103,15:23:08,127.55,50,130550
20221103,15:23:14,127.40,50,130550
20221103,15:23:23,127.25,100,130550
20221103,15:23:25,127.15,50,130550
20221103,15:23:34,127.10,100,130550
20221103,15:23:55,127.00,350,130550
20221103,15:24:00,127.10,450,130550
20221103,15:24:05,127.65,50,130550
20221103,15:24:10,127.75,50,130550
20221103,15:24:25,127.30,200,130550
20221103,15:24:30,127.10,350,130550
20221103,15:24:35,127.20,450,131700
20221103,15:24:40,127.75,250,131700
20221103,15:24:45,127.65,150,131700
20221103,15:25:00,127.60,400,131700
20221103,15:25:08,127.25,100,131700
20221103,15:25:22,127.80,50,131700
20221103,15:25:24,129.00,100,131700
20221103,15:25:25,127.75,50,131700
20221103,15:25:28,127.50,200,131700
20221103,15:25:29,127.75,50,131700
20221103,15:25:35,127.25,50,131700
20221103,15:25:45,127.20,100,131700
20221103,15:25:59,125.05,100,131700
20221103,15:26:09,125.05,200,131700
20221103,15:26:28,127.05,50,131700
20221103,15:26:42,127.00,50,131700
20221103,15:26:43,126.60,50,131700
20221103,15:26:44,126.65,100,131700
20221103,15:26:47,126.70,50,131700
20221103,15:26:51,126.70,50,131700
20221103,15:26:52,126.50,50,131700
20221103,15:26:54,126.45,50,131700
20221103,15:26:55,126.05,50,131700
20221103,15:26:58,126.05,50,131700
20221103,15:27:01,126.60,100,131700
20221103,15:27:02,126.25,100,131700
20221103,15:27:04,126.25,150,131700
20221103,15:27:05,126.30,150,131700
20221103,15:27:06,126.30,150,131700
20221103,15:27:07,126.25,300,131700
20221103,15:27:11,126.45,50,131700
20221103,15:27:15,126.25,150,131700
20221103,15:27:16,125.90,150,131700
20221103,15:27:19,126.90,50,131700
20221103,15:27:26,126.90,200,131700
20221103,15:27:31,126.90,150,131700
20221103,15:27:32,127.90,450,133750
20221103,15:27:35,127.00,300,133750
20221103,15:27:36,126.95,50,133750
20221103,15:28:02,127.05,50,133750
20221103,15:28:16,128.15,50,133750
20221103,15:28:22,127.70,150,133750
20221103,15:28:38,127.35,50,133750
20221103,15:28:41,127.00,50,133750
20221103,15:28:44,127.15,50,133750
20221103,15:28:45,126.05,400,133750
20221103,15:29:05,128.05,100,133750
20221103,15:29:17,128.00,150,133750
20221103,15:29:20,126.55,200,133750
20221103,15:29:21,128.00,100,133750
20221103,15:29:28,128.00,50,133750
20221103,15:29:44,127.50,50,133750
20221103,15:29:50,127.05,50,133750
20221103,15:29:53,128.00,50,133750
20221103,15:30:00,127.00,100,133750
