20221116,09:15:51,34.20,1,40
20221116,09:15:51,34.20,40,40
20221116,09:28:33,4.00,120,40
20221116,09:28:37,3.55,40,40
20221116,09:29:20,3.55,40,40
20221116,09:29:24,4.00,200,40
20221116,09:29:33,3.95,80,40
20221116,09:29:37,4.00,200,40
20221116,09:30:02,3.95,480,440
20221116,09:30:15,3.75,160,440
20221116,09:30:20,3.85,160,440
20221116,09:30:37,4.00,120,440
20221116,09:30:50,3.90,120,440
20221116,09:30:58,3.75,40,440
20221116,09:31:22,3.70,40,440
20221116,09:31:31,3.85,480,440
20221116,09:31:35,3.60,760,440
20221116,09:31:48,3.95,120,440
20221116,09:31:52,3.95,120,440
20221116,09:32:17,3.90,120,440
20221116,09:32:22,3.95,80,440
20221116,09:32:26,4.05,880,440
20221116,09:32:30,3.95,1000,440
20221116,09:32:54,4.00,40,3440
20221116,09:33:11,3.85,40,3440
20221116,09:33:24,3.85,360,3440
20221116,09:33:28,3.85,440,3440
20221116,09:33:33,3.90,120,3440
20221116,09:35:18,3.60,120,3440
20221116,09:35:31,3.60,360,3440
20221116,09:35:44,3.65,480,2600
20221116,09:36:09,3.70,80,2600
20221116,09:36:47,3.80,720,2600
20221116,09:36:51,3.85,80,2600
20221116,09:36:55,3.80,120,2600
20221116,09:38:19,3.75,720,2600
20221116,09:38:23,3.75,400,2600
20221116,09:38:54,3.80,80,2600
20221116,09:39:08,3.60,240,3440
20221116,09:39:12,3.60,120,3440
20221116,09:39:17,3.50,880,3440
20221116,09:39:43,3.40,2400,3440
20221116,09:40:14,3.35,280,3440
20221116,09:40:22,3.40,40,3440
20221116,09:40:35,3.40,40,3440
20221116,09:41:30,3.10,120,3440
20221116,09:41:34,3.10,160,3440
20221116,09:41:38,3.10,160,3440
20221116,09:41:42,3.10,40,3840
20221116,09:41:46,3.10,80,3840
20221116,09:41:54,3.20,80,3840
20221116,09:42:33,3.10,40,3840
20221116,09:42:53,3.05,80,3840
20221116,09:43:01,3.05,120,3840
20221116,09:43:09,3.05,720,3840
20221116,09:43:17,3.10,40,3840
20221116,09:43:22,3.20,160,3840
20221116,09:43:34,3.10,80,3840
20221116,09:43:38,3.10,40,3840
20221116,09:44:26,3.10,40,3840
20221116,09:44:35,3.10,40,3840
20221116,09:44:39,3.10,80,4680
20221116,09:44:48,3.10,40,4680
20221116,09:45:05,3.10,1640,4680
20221116,09:45:18,3.05,1040,4680
20221116,09:45:26,2.95,240,4680
20221116,09:45:30,3.05,40,4680
20221116,09:45:42,3.00,40,4680
20221116,09:45:46,3.00,160,4680
20221116,09:45:58,3.00,40,4680
20221116,09:47:05,3.00,120,4680
20221116,09:47:13,3.00,120,4680
20221116,09:47:17,2.85,80,4680
20221116,09:48:43,2.80,120,6120
20221116,09:48:47,2.80,40,6120
20221116,09:49:12,2.85,120,6120
20221116,09:49:22,2.85,40,6120
20221116,09:50:03,2.85,280,6120
20221116,09:50:26,2.85,120,6120
20221116,09:51:51,2.85,400,5920
20221116,09:52:16,2.90,520,5920
20221116,09:52:25,3.00,2000,5920
20221116,09:52:33,2.95,200,5920
20221116,09:52:38,2.90,160,5920
20221116,09:52:47,2.95,200,5920
20221116,09:52:59,3.00,120,5920
20221116,09:53:03,3.00,40,5920
20221116,09:53:07,3.00,40,5920
20221116,09:53:21,3.05,120,5920
20221116,09:53:34,2.95,160,5920
20221116,09:53:43,3.00,40,5920
20221116,09:53:56,2.90,40,8160
20221116,09:54:04,3.00,40,8160
20221116,09:54:13,2.85,200,8160
20221116,09:54:17,2.90,120,8160
20221116,09:54:21,2.90,200,8160
20221116,09:54:26,2.95,240,8160
20221116,09:56:05,3.05,520,8160
20221116,09:56:21,3.15,160,8160
20221116,09:56:30,3.20,120,8160
20221116,09:56:35,3.20,40,8160
20221116,09:56:39,3.05,320,8160
20221116,09:57:00,3.25,80,8200
20221116,09:57:10,3.20,120,8200
20221116,09:57:22,3.45,1800,8200
20221116,09:57:31,3.40,40,8200
20221116,09:57:35,3.40,240,8200
20221116,09:57:52,3.20,320,8200
20221116,09:59:55,3.45,80,10000
20221116,10:00:48,3.65,240,10000
20221116,10:00:56,3.70,400,10000
20221116,10:01:15,3.75,200,10000
20221116,10:01:28,3.75,80,10000
20221116,10:02:13,3.65,80,10000
20221116,10:02:22,3.60,80,10000
20221116,10:02:30,3.60,80,10000
20221116,10:02:34,3.60,840,10000
20221116,10:04:31,3.65,120,10000
20221116,10:04:52,3.70,40,10000
20221116,10:06:04,3.50,520,10080
20221116,10:07:56,3.35,40,10080
20221116,10:08:13,3.50,80,10080
20221116,10:08:46,3.45,40,10080
20221116,10:08:51,3.45,40,10200
20221116,10:08:56,3.45,40,10200
20221116,10:11:20,3.40,40,10200
20221116,10:11:48,3.45,440,10120
20221116,10:11:52,3.45,160,10120
20221116,10:12:08,3.50,40,10120
20221116,10:12:16,3.55,400,10120
20221116,10:12:37,3.70,120,10120
20221116,10:12:45,3.70,160,10120
20221116,10:13:15,3.75,40,10120
20221116,10:13:19,3.85,40,10120
20221116,10:13:38,3.90,80,10120
20221116,10:14:13,3.90,40,10120
20221116,10:14:18,3.70,160,10120
20221116,10:14:47,3.95,80,10120
20221116,10:15:18,4.05,160,10600
20221116,10:15:36,4.15,160,10600
20221116,10:15:40,4.10,2600,10600
20221116,10:15:45,4.00,120,10600
20221116,10:15:49,3.95,80,10600
20221116,10:15:53,3.95,40,10600
20221116,10:15:58,4.00,240,10600
20221116,10:16:21,4.10,640,10600
20221116,10:16:39,4.25,80,10600
20221116,10:17:03,4.55,1800,10600
20221116,10:17:23,4.60,40,10600
20221116,10:17:33,4.55,80,10600
20221116,10:17:38,4.50,40,10600
20221116,10:17:42,4.55,80,10600
20221116,10:17:47,4.55,40,10600
20221116,10:17:51,4.55,40,9120
20221116,10:18:01,4.50,440,9120
20221116,10:18:29,4.65,80,9120
20221116,10:18:34,4.60,160,9120
20221116,10:18:38,4.60,40,9120
20221116,10:18:57,4.50,800,9120
20221116,10:19:01,4.55,40,9120
20221116,10:19:06,4.50,80,9120
20221116,10:19:10,4.35,240,9120
20221116,10:19:15,4.60,240,9120
20221116,10:19:19,4.65,160,9120
20221116,10:19:28,4.70,40,9120
20221116,10:19:51,4.55,40,9120
20221116,10:19:59,4.60,160,9120
20221116,10:20:12,4.55,840,9120
20221116,10:20:17,4.25,200,9120
20221116,10:20:21,4.20,160,9120
20221116,10:20:26,4.20,40,9120
20221116,10:20:35,4.15,80,9120
20221116,10:20:39,4.20,200,9120
20221116,10:20:49,4.15,120,9120
20221116,10:20:53,4.15,1680,8640
20221116,10:21:03,4.05,40,8640
20221116,10:21:08,4.05,40,8640
20221116,10:21:57,4.20,160,8640
20221116,10:22:02,4.10,360,8640
20221116,10:22:15,4.10,40,8640
20221116,10:22:23,4.05,200,8640
20221116,10:22:32,4.00,3880,8640
20221116,10:23:16,4.10,120,8640
20221116,10:23:20,3.95,120,8640
20221116,10:23:25,4.05,80,8640
20221116,10:23:52,4.30,40,13480
20221116,10:23:57,4.30,280,13480
20221116,10:24:02,4.25,160,13480
20221116,10:24:20,4.35,1200,13480
20221116,10:24:34,4.35,40,13480
20221116,10:24:38,4.35,1000,13480
20221116,10:24:43,4.45,1200,13480
20221116,10:25:10,4.50,40,13480
20221116,10:25:19,4.60,40,13480
20221116,10:25:23,4.50,160,13480
20221116,10:25:28,4.50,1040,13480
20221116,10:25:52,4.60,920,13480
20221116,10:25:56,4.60,1120,13480
20221116,10:26:00,4.60,2840,13480
20221116,10:26:05,4.60,640,13480
20221116,10:26:14,4.50,200,13480
20221116,10:26:27,4.70,160,13480
20221116,10:26:32,4.70,80,13480
20221116,10:26:41,4.70,80,13480
20221116,10:26:45,4.70,80,13480
20221116,10:26:50,4.60,640,14920
20221116,10:26:55,4.65,160,14920
20221116,10:27:12,4.70,160,14920
20221116,10:27:21,4.65,600,14920
20221116,10:27:47,4.70,200,14920
20221116,10:27:51,4.65,400,14920
20221116,10:28:04,4.65,200,14920
20221116,10:28:58,4.70,400,14920
20221116,10:29:16,4.65,200,14920
20221116,10:29:20,4.65,360,14920
20221116,10:29:24,4.75,80,14920
20221116,10:29:29,4.70,80,14920
20221116,10:29:33,4.70,480,14920
20221116,10:29:46,4.35,200,14920
20221116,10:29:55,4.60,40,15520
20221116,10:29:59,4.50,40,15520
20221116,10:30:11,4.70,520,15520
20221116,10:30:41,4.55,360,15520
20221116,10:30:45,4.65,240,15520
20221116,10:30:50,4.60,240,15520
20221116,10:30:55,4.75,40,15520
20221116,10:31:00,4.70,160,15520
20221116,10:31:32,4.80,40,15520
20221116,10:31:37,4.80,240,15520
20221116,10:31:51,4.70,40,15520
20221116,10:32:14,4.75,640,15520
20221116,10:32:32,4.55,640,15520
20221116,10:32:55,4.40,160,16000
20221116,10:33:04,4.50,40,16000
20221116,10:33:52,4.50,40,16000
20221116,10:34:22,4.30,160,16000
20221116,10:34:26,4.25,200,16000
20221116,10:34:30,4.35,600,16000
20221116,10:35:19,4.45,40,16000
20221116,10:35:30,4.55,200,16000
20221116,10:36:17,4.40,200,15840
20221116,10:36:30,4.55,120,15840
20221116,10:36:34,4.55,120,15840
20221116,10:36:50,4.50,40,15840
20221116,10:37:02,4.60,200,15840
20221116,10:37:10,4.70,560,15840
20221116,10:37:18,4.75,40,15840
20221116,10:37:22,4.85,440,15840
20221116,10:37:26,5.05,80,15840
20221116,10:37:35,5.15,200,15840
20221116,10:38:01,5.25,40,15840
20221116,10:38:14,5.50,200,15840
20221116,10:38:40,6.65,520,15840
20221116,10:38:45,6.80,120,15840
20221116,10:38:49,7.00,1200,15840
20221116,10:38:57,7.00,400,14840
20221116,10:39:02,6.80,80,14840
20221116,10:39:16,6.90,520,14840
20221116,10:39:29,6.75,120,14840
20221116,10:39:34,6.80,280,14840
20221116,10:39:42,6.55,120,14840
20221116,10:39:55,6.50,440,14840
20221116,10:39:59,6.60,280,14840
20221116,10:40:04,6.85,1920,14840
20221116,10:40:13,7.00,40,14840
20221116,10:40:19,6.90,320,14840
20221116,10:40:24,7.00,80,14840
20221116,10:40:33,7.10,80,14840
20221116,10:40:38,7.15,40,14840
20221116,10:40:43,7.25,80,14840
20221116,10:40:47,7.20,120,14840
20221116,10:40:52,7.10,160,14840
20221116,10:40:57,7.00,40,14840
20221116,10:41:28,7.00,160,14840
20221116,10:41:32,7.00,360,14840
20221116,10:41:41,7.00,200,14840
20221116,10:41:50,6.90,200,14840
20221116,10:41:54,6.85,1800,15360
20221116,10:41:59,7.00,760,15360
20221116,10:42:03,7.15,200,15360
20221116,10:42:07,7.25,640,15360
20221116,10:42:12,7.00,480,15360
20221116,10:42:16,7.30,80,15360
20221116,10:42:20,6.95,360,15360
20221116,10:42:25,7.30,320,15360
20221116,10:42:29,7.05,1600,15360
20221116,10:42:34,7.00,240,15360
20221116,10:42:47,7.15,480,15360
20221116,10:42:51,7.00,40,15360
20221116,10:42:55,7.00,40,15360
20221116,10:43:04,7.05,40,15360
20221116,10:43:13,7.00,40,15360
20221116,10:43:30,7.05,160,15360
20221116,10:43:34,7.00,1160,15360
20221116,10:43:39,7.00,40,15360
20221116,10:43:43,7.05,40,15360
20221116,10:43:48,6.95,40,15360
20221116,10:43:52,7.00,120,15360
20221116,10:44:19,6.90,160,15360
20221116,10:44:24,6.80,1320,15360
20221116,10:44:29,6.80,80,15360
20221116,10:44:33,6.80,80,15360
20221116,10:44:38,6.55,80,15360
20221116,10:44:42,6.75,200,15360
20221116,10:44:55,6.65,80,16880
20221116,10:45:08,6.75,320,16880
20221116,10:45:12,6.60,80,16880
20221116,10:45:17,6.65,720,16880
20221116,10:45:30,6.80,40,16880
20221116,10:45:43,6.75,160,16880
20221116,10:45:48,6.85,2000,16880
20221116,10:46:10,6.75,40,16880
20221116,10:46:23,6.60,480,16880
20221116,10:46:32,6.70,80,16880
20221116,10:46:41,6.60,40,16880
20221116,10:46:53,6.75,40,16880
20221116,10:47:02,6.60,40,16880
20221116,10:47:06,6.65,80,16880
20221116,10:47:11,6.55,80,16880
20221116,10:47:19,6.55,40,16880
20221116,10:47:36,6.35,760,16880
20221116,10:47:44,6.35,1320,16880
20221116,10:47:49,6.25,40,16880
20221116,10:48:14,6.50,40,17400
20221116,10:48:26,6.40,1800,17400
20221116,10:48:39,6.40,40,17400
20221116,10:49:10,6.25,40,17400
20221116,10:49:22,6.30,120,17400
20221116,10:49:27,6.10,40,17400
20221116,10:49:31,6.00,40,17400
20221116,10:49:49,5.90,120,17400
20221116,10:50:18,6.10,1280,17400
20221116,10:50:22,6.15,80,17400
20221116,10:50:27,6.10,1120,17400
20221116,10:51:01,6.30,1040,18400
20221116,10:52:49,6.70,200,18400
20221116,10:52:54,6.75,40,18400
20221116,10:53:38,7.05,40,18400
20221116,10:53:43,7.05,40,18400
20221116,10:53:57,7.35,520,19240
20221116,10:54:01,7.50,1800,19240
20221116,10:54:10,7.70,360,19240
20221116,10:54:14,7.65,120,19240
20221116,10:54:23,8.15,1840,19240
20221116,10:54:28,8.20,40,19240
20221116,10:54:32,8.30,560,19240
20221116,10:54:41,8.35,40,19240
20221116,10:54:51,8.35,1800,19240
20221116,10:54:55,8.80,200,19240
20221116,10:55:05,8.70,40,19240
20221116,10:55:31,9.05,80,19240
20221116,10:55:36,9.05,80,19240
20221116,10:55:45,9.00,400,19240
20221116,10:55:54,9.10,240,19240
20221116,10:55:58,9.10,160,19240
20221116,10:56:06,9.10,560,19240
20221116,10:56:10,9.05,80,19240
20221116,10:56:15,8.95,120,19240
20221116,10:56:19,8.90,1960,19240
20221116,10:56:28,8.80,560,19240
20221116,10:56:32,8.90,120,19240
20221116,10:56:37,8.75,40,19240
20221116,10:56:41,8.55,200,19240
20221116,10:57:07,8.55,40,16920
20221116,10:57:12,8.50,40,16920
20221116,10:57:17,8.50,160,16920
20221116,10:57:34,8.35,80,16920
20221116,10:57:52,8.45,40,16920
20221116,10:58:10,8.45,600,16920
20221116,10:58:21,8.35,240,16920
20221116,10:58:50,8.60,160,16920
20221116,10:59:37,8.55,40,16920
20221116,10:59:42,8.55,40,16920
20221116,10:59:46,8.60,800,16920
20221116,11:00:00,8.45,40,17040
20221116,11:00:24,8.25,120,17040
20221116,11:00:28,8.25,40,17040
20221116,11:00:33,8.55,40,17040
20221116,11:00:47,8.35,360,17040
20221116,11:01:02,8.35,40,17040
20221116,11:01:16,8.35,120,17040
20221116,11:02:55,7.55,80,17120
20221116,11:03:03,7.45,200,17120
20221116,11:03:08,7.40,40,17120
20221116,11:03:12,7.35,40,17120
20221116,11:03:21,7.40,200,17120
20221116,11:03:47,7.35,200,17120
20221116,11:03:56,7.15,40,17120
20221116,11:04:05,7.20,40,17120
20221116,11:04:55,7.25,40,17120
20221116,11:05:04,6.90,720,17120
20221116,11:05:13,6.80,120,17120
20221116,11:06:09,6.55,200,17760
20221116,11:06:40,6.45,920,17760
20221116,11:06:44,6.45,160,17760
20221116,11:06:52,6.25,600,17760
20221116,11:06:56,6.15,160,17760
20221116,11:07:00,6.15,920,17760
20221116,11:07:08,6.45,200,17760
20221116,11:07:21,6.40,40,17760
20221116,11:07:29,6.35,1240,17760
20221116,11:07:38,6.25,40,17760
20221116,11:08:03,6.30,40,17760
20221116,11:08:16,6.50,120,17760
20221116,11:08:28,6.35,120,17760
20221116,11:09:23,6.25,80,19160
20221116,11:09:32,6.10,360,19160
20221116,11:09:40,6.10,40,19160
20221116,11:09:49,6.10,40,19160
20221116,11:09:53,6.10,40,19160
20221116,11:10:01,6.10,1240,19160
20221116,11:10:06,6.10,40,19160
20221116,11:10:15,6.10,40,19160
20221116,11:10:19,6.10,80,19160
20221116,11:10:24,6.10,40,19160
20221116,11:10:29,6.10,1400,19160
20221116,11:10:48,6.10,160,19160
20221116,11:10:52,6.10,80,19160
20221116,11:10:57,6.10,160,19160
20221116,11:11:25,6.15,40,19160
20221116,11:11:58,6.15,1120,22480
20221116,11:12:38,6.20,40,22480
20221116,11:12:51,6.30,360,22480
20221116,11:13:30,6.25,1080,22480
20221116,11:13:52,6.30,120,22480
20221116,11:14:23,6.35,920,22480
20221116,11:14:28,6.30,80,22480
20221116,11:14:32,6.30,80,22480
20221116,11:14:36,6.25,1040,22480
20221116,11:14:45,6.15,40,22480
20221116,11:14:58,6.30,40,22480
20221116,11:15:07,6.25,1440,22480
20221116,11:15:11,6.25,360,22480
20221116,11:16:20,6.15,240,22480
20221116,11:16:34,6.35,40,22480
20221116,11:17:09,6.30,80,22480
20221116,11:17:18,6.30,40,22480
20221116,11:17:22,6.25,160,22480
20221116,11:17:27,6.25,160,22480
20221116,11:17:40,6.15,520,22480
20221116,11:17:57,6.10,1640,23200
20221116,11:18:06,6.10,40,23200
20221116,11:18:18,6.10,680,23200
20221116,11:18:23,6.10,2760,23200
20221116,11:18:27,6.00,2600,23200
20221116,11:18:31,6.00,2840,23200
20221116,11:18:45,6.10,200,23200
20221116,11:18:49,6.15,80,23200
20221116,11:18:53,6.15,40,23200
20221116,11:19:02,5.95,360,23200
20221116,11:19:11,6.15,40,23200
20221116,11:19:19,6.25,120,23200
20221116,11:19:24,6.20,40,23200
20221116,11:19:28,6.20,1080,23200
20221116,11:19:37,6.20,160,23200
20221116,11:20:15,6.60,200,23200
20221116,11:20:19,6.80,1040,23200
20221116,11:20:23,6.90,1280,23200
20221116,11:20:31,7.00,40,23200
20221116,11:20:35,7.05,40,23200
20221116,11:20:39,7.30,160,23200
20221116,11:20:43,7.40,280,23200
20221116,11:20:47,7.60,680,23200
20221116,11:20:51,7.95,1480,23200
20221116,11:20:56,8.05,200,23200
20221116,11:21:00,8.05,1120,26160
20221116,11:21:04,8.05,200,26160
20221116,11:21:16,8.20,40,26160
20221116,11:21:24,8.10,40,26160
20221116,11:21:32,8.20,80,26160
20221116,11:21:40,8.30,40,26160
20221116,11:21:51,8.15,400,26160
20221116,11:21:59,8.20,120,26160
20221116,11:22:03,8.25,200,26160
20221116,11:22:19,8.30,800,26160
20221116,11:22:27,8.20,440,26160
20221116,11:22:39,8.10,1800,26160
20221116,11:22:43,8.00,800,26160
20221116,11:23:17,8.00,120,26160
20221116,11:23:22,7.95,360,26160
20221116,11:23:26,8.00,320,26160
20221116,11:23:30,8.05,40,26160
20221116,11:23:35,8.10,240,26160
20221116,11:23:47,8.00,200,26160
20221116,11:23:55,8.00,280,26160
20221116,11:24:03,7.85,40,26640
20221116,11:24:40,7.95,80,26640
20221116,11:24:44,7.95,40,26640
20221116,11:25:00,7.95,40,26640
20221116,11:25:08,8.00,200,26640
20221116,11:25:25,7.80,600,26640
20221116,11:25:41,8.10,600,26640
20221116,11:25:50,7.95,680,26640
20221116,11:25:54,7.95,40,26640
20221116,11:26:02,7.95,40,26640
20221116,11:26:29,7.90,160,26640
20221116,11:26:51,8.00,80,26640
20221116,11:27:16,7.95,80,26840
20221116,11:27:41,8.00,40,26840
20221116,11:27:45,8.15,120,26840
20221116,11:28:19,7.95,520,26840
20221116,11:28:28,7.80,120,26840
20221116,11:29:03,7.80,120,26840
20221116,11:29:52,7.70,200,26840
20221116,11:30:05,7.70,160,27560
20221116,11:31:00,7.70,200,27560
20221116,11:31:08,7.75,40,27560
20221116,11:31:35,7.75,40,27560
20221116,11:31:42,7.75,40,27560
20221116,11:32:09,7.75,120,27560
20221116,11:32:17,7.70,160,27560
20221116,11:33:07,8.10,120,27840
20221116,11:33:17,8.20,1280,27840
20221116,11:33:23,8.20,1560,27840
20221116,11:34:25,7.80,200,27840
20221116,11:34:57,7.85,40,27840
20221116,11:35:02,7.90,400,27840
20221116,11:35:07,7.95,80,27840
20221116,11:35:15,7.90,400,27840
20221116,11:35:20,7.90,360,27840
20221116,11:35:24,7.90,40,27840
20221116,11:35:45,7.85,160,27840
20221116,11:35:49,7.90,1040,27840
20221116,11:36:23,7.70,40,28160
20221116,11:37:20,7.50,240,28160
20221116,11:37:33,7.50,160,28160
20221116,11:37:58,7.10,80,28160
20221116,11:38:15,6.95,80,28160
20221116,11:38:27,6.85,80,28160
20221116,11:39:02,6.65,40,28400
20221116,11:39:15,6.75,200,28400
20221116,11:40:02,6.75,80,28400
20221116,11:40:16,6.75,120,28400
20221116,11:40:20,6.80,120,28400
20221116,11:40:29,6.80,80,28400
20221116,11:40:34,6.80,40,28400
20221116,11:40:38,6.80,80,28400
20221116,11:41:00,6.75,40,28400
20221116,11:41:04,6.85,440,28400
20221116,11:41:26,6.85,160,28400
20221116,11:41:40,6.75,80,28400
20221116,11:41:47,6.80,40,28400
20221116,11:42:29,6.80,80,27480
20221116,11:43:33,6.40,160,27480
20221116,11:43:40,6.20,400,27480
20221116,11:44:13,6.15,40,27480
20221116,11:44:18,6.00,80,27480
20221116,11:44:26,5.90,200,27480
20221116,11:44:31,5.85,80,27480
20221116,11:44:40,5.60,600,27480
20221116,11:44:45,5.55,200,27480
20221116,11:44:49,5.40,320,27480
20221116,11:44:54,5.45,80,27480
20221116,11:45:03,5.15,80,27360
20221116,11:45:23,5.20,40,27360
20221116,11:45:27,5.20,200,27360
20221116,11:45:32,5.35,200,27360
20221116,11:45:37,5.35,40,27360
20221116,11:45:59,5.70,280,27360
20221116,11:46:17,5.70,40,27360
20221116,11:46:26,5.80,120,27360
20221116,11:46:51,5.75,40,27360
20221116,11:47:00,5.95,40,27360
20221116,11:47:09,5.55,80,27360
20221116,11:47:46,5.95,360,27360
20221116,11:47:58,6.15,600,27360
20221116,11:48:02,6.05,280,27360
20221116,11:48:35,5.90,200,26280
20221116,11:48:55,5.95,80,26280
20221116,11:49:37,5.80,160,26280
20221116,11:49:56,5.85,120,26280
20221116,11:50:01,5.90,120,26280
20221116,11:50:15,5.85,200,26280
20221116,11:50:29,6.00,80,26280
20221116,11:50:33,6.15,1360,26280
20221116,11:50:47,6.20,40,26280
20221116,11:50:52,6.25,40,26280
20221116,11:51:26,6.20,160,25960
20221116,11:53:04,6.00,40,25960
20221116,11:53:23,5.80,160,25960
20221116,11:54:06,5.85,40,25840
20221116,11:54:31,5.85,40,25840
20221116,11:54:50,5.85,880,25840
20221116,11:55:02,5.90,40,25840
20221116,11:55:47,5.90,40,25840
20221116,11:56:41,6.00,160,25840
20221116,11:57:55,5.95,40,25920
20221116,11:57:59,6.05,1480,25920
20221116,11:58:16,5.95,40,25920
20221116,11:58:32,5.90,40,25920
20221116,11:59:05,5.90,120,25920
20221116,11:59:14,5.90,40,25920
20221116,11:59:39,5.85,320,25920
20221116,12:00:40,5.65,80,27200
20221116,12:00:44,5.65,920,27200
20221116,12:00:49,5.70,200,27200
20221116,12:01:41,5.80,240,27200
20221116,12:01:46,5.80,160,27200
20221116,12:02:08,5.75,1080,27200
20221116,12:03:11,5.65,880,28400
20221116,12:03:38,5.70,40,28400
20221116,12:03:50,5.70,160,28400
20221116,12:04:09,5.70,40,28400
20221116,12:04:13,5.70,80,28400
20221116,12:04:25,5.85,1120,28400
20221116,12:04:34,5.80,160,28400
20221116,12:05:07,5.80,120,28400
20221116,12:05:33,5.70,40,28400
20221116,12:05:40,5.70,40,28400
20221116,12:06:00,5.60,40,28400
20221116,12:06:05,5.60,40,28400
20221116,12:06:13,5.55,40,28040
20221116,12:08:00,5.40,1400,28040
20221116,12:08:48,5.40,80,28040
20221116,12:08:53,5.35,40,28040
20221116,12:09:18,5.25,200,28280
20221116,12:09:40,5.15,80,28280
20221116,12:09:52,5.05,120,28280
20221116,12:10:07,5.00,1280,28280
20221116,12:10:21,5.10,40,28280
20221116,12:10:39,5.00,80,28280
20221116,12:11:56,4.95,160,28280
20221116,12:12:09,4.95,240,27160
20221116,12:12:24,4.90,240,27160
20221116,12:12:28,5.00,320,27160
20221116,12:12:39,4.90,40,27160
20221116,12:12:51,4.85,960,27160
20221116,12:12:55,4.90,400,27160
20221116,12:13:26,4.95,40,27160
20221116,12:13:43,4.95,160,27160
20221116,12:13:47,4.95,280,27160
20221116,12:13:51,4.95,1200,27160
20221116,12:14:00,4.95,40,27160
20221116,12:14:22,5.00,1160,27160
20221116,12:14:56,5.05,80,27160
20221116,12:15:11,5.00,120,27160
20221116,12:15:21,5.10,40,27160
20221116,12:15:26,5.00,40,27160
20221116,12:16:14,5.00,160,27160
20221116,12:16:46,4.90,320,27160
20221116,12:17:14,4.85,400,27160
20221116,12:17:26,4.95,40,27160
20221116,12:17:29,5.00,80,27160
20221116,12:17:33,5.05,80,27160
20221116,12:17:41,5.00,80,27160
20221116,12:17:52,5.00,120,27160
20221116,12:17:55,4.90,40,27160
20221116,12:18:23,4.75,1400,27560
20221116,12:18:27,4.90,1000,27560
20221116,12:18:43,4.75,320,27560
20221116,12:19:03,4.80,120,27560
20221116,12:19:43,5.00,80,27560
20221116,12:19:47,5.00,120,27560
20221116,12:20:03,5.05,80,27560
20221116,12:20:21,5.00,40,27560
20221116,12:20:54,5.10,360,27560
20221116,12:21:08,5.10,40,26840
20221116,12:21:38,5.20,80,26840
20221116,12:21:43,5.15,520,26840
20221116,12:22:23,5.10,40,26840
20221116,12:22:39,5.10,120,26840
20221116,12:22:46,5.05,80,26840
20221116,12:22:55,5.05,160,26840
20221116,12:22:59,5.10,520,26840
20221116,12:23:03,5.10,480,26840
20221116,12:23:08,5.05,400,26840
20221116,12:23:41,5.10,40,26840
20221116,12:23:45,5.15,40,26840
20221116,12:24:32,5.15,40,26840
20221116,12:24:52,5.10,280,27800
20221116,12:24:56,5.15,120,27800
20221116,12:25:09,5.10,80,27800
20221116,12:25:18,5.10,120,27800
20221116,12:25:36,5.15,80,27800
20221116,12:25:49,5.25,80,27800
20221116,12:26:18,5.10,760,27800
20221116,12:26:30,5.10,1120,27800
20221116,12:26:49,5.10,160,27800
20221116,12:27:14,4.95,280,28320
20221116,12:27:51,4.95,40,28320
20221116,12:28:04,5.00,1040,28320
20221116,12:28:16,5.00,160,28320
20221116,12:28:24,4.95,1200,28320
20221116,12:29:39,4.90,280,28320
20221116,12:29:47,4.85,120,28320
20221116,12:29:51,4.95,120,28320
20221116,12:29:55,4.90,360,28320
20221116,12:29:59,4.80,320,28320
20221116,12:30:03,4.85,40,28320
20221116,12:30:16,4.75,280,29200
20221116,12:30:24,4.75,80,29200
20221116,12:30:28,4.75,120,29200
20221116,12:30:36,4.75,80,29200
20221116,12:30:44,4.70,40,29200
20221116,12:30:48,4.75,200,29200
20221116,12:30:52,4.65,1120,29200
20221116,12:30:57,4.60,160,29200
20221116,12:31:02,4.75,40,29200
20221116,12:31:11,4.80,40,29200
20221116,12:31:15,4.80,240,29200
20221116,12:31:19,4.80,400,29200
20221116,12:31:28,4.85,40,29200
20221116,12:31:33,4.80,280,29200
20221116,12:31:55,4.85,80,29200
20221116,12:32:04,4.90,80,29200
20221116,12:32:18,4.95,120,29200
20221116,12:32:30,5.10,320,29200
20221116,12:33:56,5.20,80,29600
20221116,12:34:49,5.40,40,29600
20221116,12:35:06,5.55,40,29600
20221116,12:35:37,5.70,200,29600
20221116,12:35:46,5.70,440,29600
20221116,12:35:54,5.60,240,29600
20221116,12:35:59,5.65,40,29600
20221116,12:36:21,5.80,280,29680
20221116,12:36:26,6.00,40,29680
20221116,12:36:31,6.05,80,29680
20221116,12:36:53,6.05,120,29680
20221116,12:37:15,5.85,40,29680
20221116,12:37:28,5.65,40,29680
20221116,12:37:33,5.50,40,29680
20221116,12:37:50,5.60,3600,29680
20221116,12:37:59,5.55,600,29680
20221116,12:38:08,5.40,120,29680
20221116,12:38:12,5.35,40,29680
20221116,12:39:06,5.35,40,29680
20221116,12:39:19,5.35,40,32360
20221116,12:39:27,5.30,40,32360
20221116,12:39:40,5.15,1360,32360
20221116,12:40:06,5.05,1000,32360
20221116,12:40:16,4.90,160,32360
20221116,12:40:24,4.95,40,32360
20221116,12:40:37,5.00,160,32360
20221116,12:40:46,5.20,680,32360
20221116,12:40:50,5.20,120,32360
20221116,12:41:20,5.05,160,32360
20221116,12:41:57,4.95,40,32360
20221116,12:42:17,5.00,80,30520
20221116,12:42:57,4.95,120,30520
20221116,12:43:01,4.95,80,30520
20221116,12:43:09,4.95,80,30520
20221116,12:43:21,4.80,240,30520
20221116,12:43:30,4.80,80,30520
20221116,12:43:34,4.80,40,30520
20221116,12:43:46,4.75,200,30520
20221116,12:44:58,4.90,80,30520
20221116,12:45:33,4.95,360,31000
20221116,12:45:42,4.95,80,31000
20221116,12:46:16,5.05,120,31000
20221116,12:46:20,5.05,120,31000
20221116,12:46:24,5.10,560,31000
20221116,12:46:28,5.05,120,31000
20221116,12:47:16,5.00,120,31000
20221116,12:47:59,5.05,680,31000
20221116,12:48:16,5.05,40,30840
20221116,12:48:41,5.05,160,30840
20221116,12:49:14,5.10,80,30840
20221116,12:50:15,5.15,1080,30840
20221116,12:50:45,4.95,200,30840
20221116,12:50:58,4.95,400,30840
20221116,12:51:55,5.40,40,30520
20221116,12:52:03,5.45,40,30520
20221116,12:52:07,5.50,80,30520
20221116,12:52:16,5.50,40,30520
20221116,12:52:41,5.65,160,30520
20221116,12:53:01,5.60,40,30520
20221116,12:54:02,5.70,40,30520
20221116,12:54:11,5.60,40,30520
20221116,12:54:23,5.70,80,30280
20221116,12:54:28,5.70,80,30280
20221116,12:54:36,5.70,40,30280
20221116,12:54:53,5.60,280,30280
20221116,12:55:24,5.50,40,30280
20221116,12:55:45,5.45,40,30280
20221116,12:55:48,5.40,560,30280
20221116,12:56:03,5.40,360,30280
20221116,12:56:15,5.45,40,30280
20221116,12:56:19,5.45,240,30280
20221116,12:56:40,5.20,1040,30280
20221116,12:56:44,5.15,40,30280
20221116,12:57:20,5.05,200,30400
20221116,12:57:55,5.15,120,30400
20221116,12:58:45,5.15,40,30400
20221116,12:58:49,5.10,320,30400
20221116,12:58:53,5.00,80,30400
20221116,12:59:46,5.05,40,30400
20221116,12:59:55,4.95,40,30400
20221116,13:00:32,5.05,40,30240
20221116,13:01:38,5.15,40,30240
20221116,13:01:43,5.15,80,30240
20221116,13:02:25,5.15,120,30240
20221116,13:03:00,5.00,40,30240
20221116,13:03:05,5.10,160,30240
20221116,13:03:09,5.05,160,30240
20221116,13:04:05,5.10,40,30080
20221116,13:04:13,5.00,600,30080
20221116,13:04:57,5.05,40,30080
20221116,13:05:09,5.15,40,30080
20221116,13:05:28,5.10,40,30080
20221116,13:05:56,5.10,80,30080
20221116,13:08:20,5.05,80,30560
20221116,13:08:52,5.25,40,30560
20221116,13:10:02,5.00,160,30600
20221116,13:10:06,4.95,200,30600
20221116,13:10:10,4.95,40,30600
20221116,13:10:34,5.00,240,30600
20221116,13:12:19,5.25,40,30920
20221116,13:12:31,5.25,40,30920
20221116,13:13:04,5.20,40,30920
20221116,13:13:16,5.15,40,30920
20221116,13:13:32,5.15,40,30920
20221116,13:13:35,5.20,200,30920
20221116,13:13:43,5.20,760,30920
20221116,13:13:50,5.10,360,30920
20221116,13:14:15,4.95,240,30920
20221116,13:14:24,5.00,40,30920
20221116,13:14:36,5.15,40,30920
20221116,13:14:52,5.10,120,30920
20221116,13:15:23,5.20,40,30480
20221116,13:15:35,5.15,480,30480
20221116,13:16:02,5.10,40,30480
20221116,13:17:02,5.00,120,30480
20221116,13:18:58,5.05,40,31080
20221116,13:19:02,5.10,280,31080
20221116,13:19:27,5.05,200,31080
20221116,13:19:36,5.05,40,31080
20221116,13:19:45,5.15,40,31080
20221116,13:19:58,5.10,120,31080
20221116,13:20:44,5.10,120,31080
20221116,13:21:20,5.15,480,31080
20221116,13:21:38,5.10,720,31320
20221116,13:21:46,5.10,40,31320
20221116,13:24:22,5.20,40,31840
20221116,13:24:38,5.15,200,31840
20221116,13:24:59,5.05,80,31840
20221116,13:25:12,5.10,40,31840
20221116,13:25:16,5.10,40,31840
20221116,13:26:42,5.00,120,31840
20221116,13:26:55,5.00,560,31840
20221116,13:28:35,5.10,920,32480
20221116,13:28:54,5.05,200,32480
20221116,13:29:03,5.10,160,32480
20221116,13:29:20,5.10,240,32480
20221116,13:29:25,5.10,280,32480
20221116,13:29:30,5.10,40,32480
20221116,13:29:34,5.05,80,32480
20221116,13:29:43,4.95,360,32480
20221116,13:29:48,4.90,40,32480
20221116,13:29:53,4.85,40,32480
20221116,13:29:58,4.65,1240,32480
20221116,13:30:03,4.75,160,32480
20221116,13:30:07,4.80,160,32480
20221116,13:30:16,4.85,120,32480
20221116,13:30:29,4.75,80,33920
20221116,13:30:38,4.95,80,33920
20221116,13:30:42,4.85,120,33920
20221116,13:30:46,4.90,40,33920
20221116,13:30:50,4.85,40,33920
20221116,13:30:55,4.80,680,33920
20221116,13:31:04,4.70,200,33920
20221116,13:31:12,4.85,40,33920
20221116,13:31:16,4.85,240,33920
20221116,13:31:37,4.80,40,33920
20221116,13:31:45,4.75,720,33920
20221116,13:31:49,4.65,1280,33920
20221116,13:31:58,4.35,720,33920
20221116,13:32:03,4.40,40,33920
20221116,13:32:08,4.35,160,33920
20221116,13:32:30,4.50,200,33920
20221116,13:32:38,4.45,240,33920
20221116,13:32:42,4.45,40,33920
20221116,13:32:51,4.30,880,33920
20221116,13:32:56,4.15,160,33920
20221116,13:33:10,4.25,40,33920
20221116,13:33:19,4.30,120,33920
20221116,13:33:23,4.20,120,35760
20221116,13:33:31,4.30,160,35760
20221116,13:33:43,4.25,240,35760
20221116,13:33:53,4.30,200,35760
20221116,13:33:57,4.35,80,35760
20221116,13:34:06,4.45,80,35760
20221116,13:34:11,4.50,600,35760
20221116,13:34:24,4.55,80,35760
20221116,13:34:33,4.55,280,35760
20221116,13:35:31,4.55,80,35760
20221116,13:35:55,4.55,40,35760
20221116,13:35:59,4.65,40,35760
20221116,13:36:08,4.75,120,35760
20221116,13:36:26,4.75,120,34360
20221116,13:36:51,4.70,120,34360
20221116,13:36:56,4.70,80,34360
20221116,13:37:13,4.65,80,34360
20221116,13:37:25,4.65,120,34360
20221116,13:37:29,4.60,40,34360
20221116,13:37:34,4.65,40,34360
20221116,13:37:38,4.65,640,34360
20221116,13:37:46,4.70,40,34360
20221116,13:37:55,4.70,40,34360
20221116,13:38:21,4.60,280,34360
20221116,13:38:30,4.60,160,34360
20221116,13:38:39,4.50,80,34360
20221116,13:38:43,4.55,80,34360
20221116,13:38:47,4.40,280,34360
20221116,13:38:52,4.40,40,34360
20221116,13:39:05,4.50,840,34360
20221116,13:39:09,4.50,80,34360
20221116,13:39:13,4.60,40,34360
20221116,13:39:17,4.70,40,34360
20221116,13:39:22,4.75,160,35360
20221116,13:39:27,4.75,360,35360
20221116,13:40:01,4.90,40,35360
20221116,13:40:06,4.90,80,35360
20221116,13:40:20,4.80,80,35360
20221116,13:40:25,4.75,200,35360
20221116,13:40:29,4.75,120,35360
20221116,13:40:38,4.70,360,35360
20221116,13:40:42,4.65,560,35360
20221116,13:40:47,4.60,40,35360
20221116,13:40:51,4.60,40,35360
20221116,13:40:55,4.70,800,35360
20221116,13:41:04,4.70,880,35360
20221116,13:41:08,4.60,40,35360
20221116,13:41:17,4.65,360,35360
20221116,13:41:21,4.65,2680,35360
20221116,13:41:25,4.65,760,35360
20221116,13:41:37,4.60,520,35360
20221116,13:41:41,4.60,680,35360
20221116,13:41:50,4.60,200,35360
20221116,13:41:54,4.60,400,35360
20221116,13:42:06,4.50,120,35360
20221116,13:42:21,4.35,1760,35360
20221116,13:42:33,4.40,120,37320
20221116,13:42:37,4.35,160,37320
20221116,13:42:40,4.25,160,37320
20221116,13:42:44,4.35,80,37320
20221116,13:42:49,4.30,160,37320
20221116,13:42:53,4.35,80,37320
20221116,13:42:57,4.45,280,37320
20221116,13:43:02,4.50,40,37320
20221116,13:43:06,4.60,160,37320
20221116,13:43:19,4.60,80,37320
20221116,13:43:31,4.55,80,37320
20221116,13:43:35,4.60,40,37320
20221116,13:43:44,4.65,40,37320
20221116,13:43:53,4.75,40,37320
20221116,13:43:57,4.75,40,37320
20221116,13:44:05,4.80,640,37320
20221116,13:44:25,4.80,40,37320
20221116,13:44:39,4.95,80,37320
20221116,13:44:43,4.95,40,37320
20221116,13:44:56,4.95,160,37320
20221116,13:45:00,5.00,40,37320
20221116,13:45:08,5.15,120,37320
20221116,13:45:20,5.05,760,37320
20221116,13:45:45,5.20,80,37040
20221116,13:46:01,5.30,40,37040
20221116,13:46:18,5.40,40,37040
20221116,13:46:26,5.40,40,37040
20221116,13:46:34,5.45,40,37040
20221116,13:46:38,5.45,40,37040
20221116,13:46:42,5.40,600,37040
20221116,13:47:35,5.45,240,37040
20221116,13:47:39,5.45,40,37040
20221116,13:49:08,5.50,480,36240
20221116,13:49:23,5.60,200,36240
20221116,13:49:27,5.60,320,36240
20221116,13:49:38,5.60,40,36240
20221116,13:49:50,5.70,40,36240
20221116,13:50:03,5.90,80,36240
20221116,13:50:12,5.95,40,36240
20221116,13:50:20,5.90,280,36240
20221116,13:50:30,6.00,40,36240
20221116,13:50:34,5.90,360,36240
20221116,13:51:09,6.00,1000,36240
20221116,13:51:14,5.85,1280,36240
20221116,13:51:22,6.05,40,36240
20221116,13:51:26,6.05,40,36240
20221116,13:51:35,5.95,160,36400
20221116,13:51:39,5.95,160,36400
20221116,13:51:47,6.10,200,36400
20221116,13:51:51,5.95,80,36400
20221116,13:52:00,6.05,160,36400
20221116,13:52:25,6.20,80,36400
20221116,13:52:46,6.20,120,36400
20221116,13:52:55,6.05,320,36400
20221116,13:53:16,6.15,280,36400
20221116,13:53:20,6.00,280,36400
20221116,13:53:25,5.95,120,36400
20221116,13:53:29,5.95,40,36400
20221116,13:53:34,6.05,40,36400
20221116,13:53:38,5.95,280,36400
20221116,13:53:42,5.85,1200,36400
20221116,13:53:46,6.00,80,36400
20221116,13:53:54,5.85,40,36400
20221116,13:54:14,5.85,40,36400
20221116,13:54:18,5.85,40,36400
20221116,13:54:58,5.60,200,37280
20221116,13:55:16,5.55,320,37280
20221116,13:55:20,5.50,280,37280
20221116,13:55:28,5.60,200,37280
20221116,13:55:32,5.60,40,37280
20221116,13:55:36,5.65,160,37280
20221116,13:55:57,5.75,240,37280
20221116,13:56:27,5.70,160,37280
20221116,13:56:31,5.75,360,37280
20221116,13:56:56,5.75,280,37280
20221116,13:57:17,5.75,120,37280
20221116,13:57:29,5.75,720,37760
20221116,13:58:14,5.75,160,37760
20221116,13:58:22,5.70,440,37760
20221116,13:58:26,5.70,200,37760
20221116,13:58:30,5.75,40,37760
20221116,13:59:03,5.85,120,37760
20221116,13:59:19,5.90,40,37760
20221116,13:59:31,5.90,160,37760
20221116,13:59:35,5.85,400,37760
20221116,14:01:00,5.85,80,38280
20221116,14:01:26,5.80,800,38280
20221116,14:01:38,5.80,40,38280
20221116,14:01:50,5.75,40,38280
20221116,14:01:59,5.80,200,38280
20221116,14:02:08,5.80,400,38280
20221116,14:02:21,5.85,120,38280
20221116,14:02:29,5.80,200,38280
20221116,14:02:33,5.90,4880,38280
20221116,14:02:37,6.00,1280,38280
20221116,14:02:41,6.00,1520,38280
20221116,14:02:45,6.00,240,38280
20221116,14:02:49,6.05,480,38280
20221116,14:02:53,6.15,680,38280
20221116,14:02:58,6.15,440,38280
20221116,14:03:02,6.10,1560,38280
20221116,14:03:06,6.15,1640,38280
20221116,14:03:10,6.10,840,38280
20221116,14:03:18,6.10,280,38280
20221116,14:03:27,5.95,1240,42680
20221116,14:03:31,5.95,200,42680
20221116,14:03:35,5.80,160,42680
20221116,14:03:49,5.80,280,42680
20221116,14:04:08,5.60,560,42680
20221116,14:04:45,5.45,40,42680
20221116,14:04:55,5.35,40,42680
20221116,14:05:00,5.30,160,42680
20221116,14:05:04,5.30,480,42680
20221116,14:05:10,5.15,240,42680
20221116,14:05:20,5.00,160,42680
20221116,14:05:55,5.05,280,42680
20221116,14:06:09,5.00,80,42680
20221116,14:06:15,5.00,80,42680
20221116,14:06:25,4.65,240,42680
20221116,14:06:30,4.65,320,43760
20221116,14:06:39,4.55,640,43760
20221116,14:06:44,4.80,200,43760
20221116,14:06:49,4.80,320,43760
20221116,14:06:54,4.70,80,43760
20221116,14:06:59,4.60,240,43760
20221116,14:07:04,4.55,200,43760
20221116,14:07:37,4.55,840,43760
20221116,14:07:54,4.60,520,43760
20221116,14:07:59,4.65,1200,43760
20221116,14:08:09,4.65,320,43760
20221116,14:08:14,4.60,40,43760
20221116,14:08:23,4.65,640,43760
20221116,14:08:28,4.70,680,43760
20221116,14:08:33,4.60,160,43760
20221116,14:09:09,4.70,160,43760
20221116,14:09:18,4.75,80,43760
20221116,14:09:37,4.75,40,43360
20221116,14:10:03,4.75,120,43360
20221116,14:10:12,4.80,320,43360
20221116,14:10:21,4.85,40,43360
20221116,14:10:26,5.00,1240,43360
20221116,14:10:35,5.05,40,43360
20221116,14:11:15,5.25,120,43360
20221116,14:11:55,5.30,80,43360
20221116,14:12:18,5.35,160,43360
20221116,14:12:44,5.35,320,43040
20221116,14:12:48,5.30,40,43040
20221116,14:12:57,5.40,40,43040
20221116,14:13:10,5.15,40,43040
20221116,14:13:27,5.10,240,43040
20221116,14:13:40,5.20,120,43040
20221116,14:13:44,5.00,4160,43040
20221116,14:14:05,5.05,240,43040
20221116,14:14:31,5.05,240,43040
20221116,14:14:36,4.90,2280,43040
20221116,14:14:45,5.05,40,43040
20221116,14:15:00,4.95,160,43040
20221116,14:15:05,4.90,40,43040
20221116,14:15:19,4.85,40,43040
20221116,14:15:24,4.90,960,43040
20221116,14:15:33,4.80,1280,42360
20221116,14:15:37,4.75,40,42360
20221116,14:15:47,4.80,1240,42360
20221116,14:16:23,4.70,40,42360
20221116,14:16:38,4.75,200,42360
20221116,14:16:43,4.75,200,42360
20221116,14:17:11,4.70,320,42360
20221116,14:17:20,4.75,120,42360
20221116,14:17:38,4.65,720,42360
20221116,14:17:59,4.55,1160,42360
20221116,14:18:04,4.55,920,42360
20221116,14:18:21,4.55,80,42360
20221116,14:18:26,4.60,40,42360
20221116,14:18:31,4.65,1120,42800
20221116,14:18:36,4.65,640,42800
20221116,14:18:44,4.50,1200,42800
20221116,14:18:49,4.55,160,42800
20221116,14:19:06,4.50,120,42800
20221116,14:19:11,4.50,800,42800
20221116,14:19:42,4.45,320,42800
20221116,14:20:10,4.45,120,42800
20221116,14:20:14,4.45,160,42800
20221116,14:20:18,4.35,440,42800
20221116,14:20:28,4.40,40,42800
20221116,14:20:33,4.40,160,42800
20221116,14:20:43,4.45,40,42800
20221116,14:20:48,4.45,280,42800
20221116,14:20:52,4.40,40,42800
20221116,14:21:11,4.40,80,42800
20221116,14:21:16,4.40,40,42800
20221116,14:21:21,4.25,440,42800
20221116,14:21:25,4.20,760,42800
20221116,14:21:30,4.10,40,42800
20221116,14:21:35,4.15,200,43880
20221116,14:21:51,4.10,280,43880
20221116,14:22:06,4.10,200,43880
20221116,14:22:11,4.10,240,43880
20221116,14:22:25,4.30,200,43880
20221116,14:22:39,4.25,40,43880
20221116,14:22:54,4.25,40,43880
20221116,14:23:28,4.30,40,43880
20221116,14:23:47,4.30,40,43880
20221116,14:23:51,4.30,120,43880
20221116,14:25:10,4.20,80,42760
20221116,14:25:15,4.15,80,42760
20221116,14:25:20,4.30,200,42760
20221116,14:25:45,4.10,80,42760
20221116,14:25:50,4.15,40,42760
20221116,14:25:59,4.20,720,42760
20221116,14:26:04,4.15,280,42760
20221116,14:26:09,4.10,40,42760
20221116,14:26:14,4.20,1520,42760
20221116,14:26:20,4.25,320,42760
20221116,14:26:30,4.20,80,42760
20221116,14:26:34,4.20,200,42760
20221116,14:26:44,4.20,40,42760
20221116,14:26:48,4.10,600,42760
20221116,14:26:53,4.15,200,42760
20221116,14:26:58,4.15,1440,42760
20221116,14:27:02,4.15,200,42760
20221116,14:27:11,4.05,40,42760
20221116,14:27:35,4.10,120,42640
20221116,14:27:53,4.05,40,42640
20221116,14:28:34,4.15,80,42640
20221116,14:28:43,4.15,480,42640
20221116,14:28:48,4.15,1880,42640
20221116,14:29:03,4.05,40,42640
20221116,14:29:08,3.90,160,42640
20221116,14:29:30,4.00,600,42640
20221116,14:29:52,4.00,80,42640
20221116,14:29:56,4.05,40,42640
20221116,14:30:05,4.05,120,42640
20221116,14:30:14,4.05,160,42640
20221116,14:30:28,4.00,40,42640
20221116,14:30:41,4.00,120,41320
20221116,14:31:03,4.15,200,41320
20221116,14:31:12,4.05,80,41320
20221116,14:31:25,4.05,40,41320
20221116,14:31:34,4.10,2360,41320
20221116,14:31:38,4.10,1000,41320
20221116,14:31:52,4.10,120,41320
20221116,14:31:56,4.10,80,41320
20221116,14:32:37,4.00,240,41320
20221116,14:32:46,4.05,1400,41320
20221116,14:32:55,4.10,200,41320
20221116,14:33:18,4.10,1200,41320
20221116,14:35:17,3.90,120,36920
20221116,14:35:27,3.95,40,36920
20221116,14:35:52,3.95,40,36920
20221116,14:36:23,3.95,200,36920
20221116,14:36:27,4.00,200,36920
20221116,14:36:55,4.05,200,37040
20221116,14:37:28,4.00,120,37040
20221116,14:37:52,4.00,40,37040
20221116,14:38:53,3.95,40,37040
20221116,14:40:04,3.90,40,37080
20221116,14:40:46,3.80,320,37080
20221116,14:41:19,3.80,1440,37080
20221116,14:41:24,3.75,80,37080
20221116,14:41:40,3.70,560,37080
20221116,14:41:45,3.70,2920,37080
20221116,14:41:51,3.60,1800,37080
20221116,14:41:55,3.65,600,37080
20221116,14:42:00,3.65,1000,37080
20221116,14:42:05,3.60,440,37080
20221116,14:42:11,3.50,4480,37080
20221116,14:42:16,3.45,40,37080
20221116,14:42:21,3.50,600,37080
20221116,14:42:26,3.55,120,37080
20221116,14:42:51,3.55,1240,32680
20221116,14:43:01,3.60,1080,32680
20221116,14:43:11,3.70,40,32680
20221116,14:43:26,3.90,40,32680
20221116,14:43:31,3.95,40,32680
20221116,14:43:36,3.80,40,32680
20221116,14:44:00,3.90,280,32680
20221116,14:44:15,4.00,600,32680
20221116,14:44:20,4.05,40,32680
20221116,14:44:25,4.10,80,32680
20221116,14:44:30,4.20,80,32680
20221116,14:44:40,4.10,600,32680
20221116,14:44:45,4.20,40,32680
20221116,14:44:54,4.15,80,32680
20221116,14:44:59,4.20,240,32680
20221116,14:45:05,4.15,80,32680
20221116,14:45:15,4.20,40,32680
20221116,14:45:40,4.20,40,32040
20221116,14:46:00,4.25,40,32040
20221116,14:46:11,4.20,40,32040
20221116,14:46:21,4.30,40,32040
20221116,14:46:31,4.45,80,32040
20221116,14:46:36,4.50,40,32040
20221116,14:46:40,4.45,1240,32040
20221116,14:46:45,4.50,1200,32040
20221116,14:47:00,4.60,40,32040
20221116,14:47:09,4.60,80,32040
20221116,14:47:19,4.55,40,32040
20221116,14:47:29,4.60,40,32040
20221116,14:48:07,4.30,120,32040
20221116,14:48:17,4.55,320,32040
20221116,14:48:22,4.90,160,32040
20221116,14:48:46,5.15,560,29360
20221116,14:49:00,4.45,40,29360
20221116,14:49:05,4.10,40,29360
20221116,14:49:09,4.05,120,29360
20221116,14:49:14,4.00,40,29360
20221116,14:49:19,4.05,80,29360
20221116,14:49:23,3.95,800,29360
20221116,14:49:28,4.00,80,29360
20221116,14:49:32,4.05,120,29360
20221116,14:49:37,4.10,40,29360
20221116,14:49:46,3.90,160,29360
20221116,14:50:14,4.00,360,29360
20221116,14:50:19,4.10,40,29360
20221116,14:50:30,4.10,80,29360
20221116,14:50:45,3.95,160,29360
20221116,14:51:44,4.25,40,29200
20221116,14:51:54,4.05,200,29200
20221116,14:52:32,4.00,120,29200
20221116,14:52:37,3.90,80,29200
20221116,14:54:21,3.75,80,29200
20221116,14:54:30,3.75,160,29200
20221116,14:55:08,3.80,80,29200
20221116,14:56:13,3.80,40,29200
20221116,14:56:32,4.00,80,29200
20221116,14:56:46,4.10,960,29200
20221116,14:57:17,4.10,1360,29200
20221116,14:57:58,4.05,40,31320
20221116,14:58:19,4.05,40,31320
20221116,14:58:25,4.05,40,31320
20221116,14:58:30,3.95,120,31320
20221116,14:58:40,3.90,120,31320
20221116,14:58:50,3.90,200,31320
20221116,14:59:10,3.80,1200,31320
20221116,14:59:15,3.75,680,31320
20221116,14:59:20,3.80,80,31320
20221116,14:59:35,4.00,40,31320
20221116,14:59:59,4.10,240,31320
20221116,15:00:09,4.15,920,31320
20221116,15:00:15,4.15,1360,31320
20221116,15:00:25,4.15,40,31320
20221116,15:00:30,4.20,40,31320
20221116,15:00:59,4.25,520,33200
20221116,15:01:04,4.30,40,33200
20221116,15:01:09,4.40,120,33200
20221116,15:01:20,4.45,80,33200
20221116,15:01:26,4.60,40,33200
20221116,15:01:36,4.45,200,33200
20221116,15:01:41,4.50,40,33200
20221116,15:02:38,4.60,40,33200
20221116,15:02:56,4.70,40,33200
20221116,15:03:01,4.70,400,33200
20221116,15:03:05,4.50,160,33200
20221116,15:03:14,4.55,40,33200
20221116,15:03:19,4.60,80,33200
20221116,15:03:24,4.50,40,33200
20221116,15:03:28,4.40,160,33200
20221116,15:03:37,4.40,440,33200
20221116,15:03:42,4.50,360,33400
20221116,15:03:52,4.30,200,33400
20221116,15:04:05,4.25,160,33400
20221116,15:04:24,4.35,200,33400
20221116,15:04:39,4.20,40,33400
20221116,15:04:48,4.30,40,33400
20221116,15:05:08,4.20,40,33400
20221116,15:05:18,4.20,80,33400
20221116,15:05:29,4.30,80,33400
20221116,15:05:34,4.30,40,33400
20221116,15:05:45,4.25,240,33400
20221116,15:05:50,4.30,40,33400
20221116,15:06:09,4.30,120,33400
20221116,15:06:14,4.40,80,33400
20221116,15:06:19,4.20,320,33400
20221116,15:06:24,4.35,720,33400
20221116,15:06:44,4.40,120,32760
20221116,15:06:59,4.50,80,32760
20221116,15:07:10,4.60,1320,32760
20221116,15:07:35,4.50,120,32760
20221116,15:08:42,4.45,280,32760
20221116,15:08:56,4.50,160,32760
20221116,15:09:00,4.50,80,32760
20221116,15:09:38,4.55,40,32760
20221116,15:10:00,4.65,200,31320
20221116,15:10:04,4.60,40,31320
20221116,15:10:24,4.45,200,31320
20221116,15:10:42,4.20,200,31320
20221116,15:11:12,4.30,40,31320
20221116,15:11:17,4.35,40,31320
20221116,15:11:27,4.30,40,31320
20221116,15:11:32,4.30,40,31320
20221116,15:11:36,4.35,200,31320
20221116,15:11:41,4.40,80,31320
20221116,15:12:19,4.50,40,31320
20221116,15:12:33,4.40,80,31320
20221116,15:12:38,4.40,40,31320
20221116,15:12:52,4.40,480,31680
20221116,15:13:10,4.35,40,31680
20221116,15:13:33,4.25,200,31680
20221116,15:13:38,4.15,40,31680
20221116,15:13:47,4.20,120,31680
20221116,15:13:56,4.25,120,31680
20221116,15:14:05,4.25,160,31680
20221116,15:14:09,4.20,40,31680
20221116,15:14:14,4.15,200,31680
20221116,15:14:19,4.05,40,31680
20221116,15:14:24,4.10,160,31680
20221116,15:15:04,4.20,200,31680
20221116,15:15:18,4.30,200,31680
20221116,15:15:26,4.25,160,31680
20221116,15:15:31,4.25,40,31680
20221116,15:15:42,4.30,40,31680
20221116,15:15:47,4.20,120,32320
20221116,15:16:00,4.25,280,32320
20221116,15:16:11,4.05,280,32320
20221116,15:16:16,4.15,240,32320
20221116,15:16:21,4.00,40,32320
20221116,15:16:55,4.15,80,32320
20221116,15:16:59,4.15,40,32320
20221116,15:17:08,4.15,360,32320
20221116,15:17:17,4.05,640,32320
20221116,15:17:32,4.00,120,32320
20221116,15:17:37,4.00,960,32320
20221116,15:18:00,3.95,240,32320
20221116,15:18:10,3.95,80,32320
20221116,15:18:25,3.80,40,32320
20221116,15:18:30,3.75,40,32320
20221116,15:18:34,3.75,280,32320
20221116,15:18:57,3.75,80,32840
20221116,15:19:07,3.75,40,32840
20221116,15:19:16,3.75,40,32840
20221116,15:19:38,3.75,80,32840
20221116,15:19:46,3.65,120,32840
20221116,15:20:00,3.65,40,32840
20221116,15:20:04,3.55,480,32840
20221116,15:20:08,3.55,440,32840
20221116,15:20:13,3.55,40,32840
20221116,15:20:17,3.55,40,32840
20221116,15:20:21,3.55,160,32840
20221116,15:20:30,3.65,80,32840
20221116,15:20:39,3.65,120,32840
20221116,15:20:44,3.65,80,32840
20221116,15:21:11,3.60,120,32840
20221116,15:21:15,3.65,200,32840
20221116,15:21:19,3.70,200,32840
20221116,15:21:24,3.65,400,32840
20221116,15:21:28,3.60,200,32840
20221116,15:21:32,3.55,80,32840
20221116,15:21:36,3.55,120,32840
20221116,15:21:40,3.55,200,32840
20221116,15:21:45,3.55,160,34120
20221116,15:21:49,3.55,120,34120
20221116,15:21:53,3.60,360,34120
20221116,15:21:58,3.55,80,34120
20221116,15:22:02,3.60,360,34120
20221116,15:22:07,3.70,200,34120
20221116,15:22:11,3.70,80,34120
20221116,15:22:21,3.60,360,34120
20221116,15:22:30,3.55,2560,34120
20221116,15:22:35,3.50,200,34120
20221116,15:22:44,3.70,200,34120
20221116,15:23:03,3.60,80,34120
20221116,15:23:17,3.55,160,34120
20221116,15:23:21,3.55,520,34120
20221116,15:23:26,3.50,40,34120
20221116,15:23:43,3.70,240,34120
20221116,15:24:01,3.60,120,34120
20221116,15:24:26,3.55,120,34120
20221116,15:24:38,3.50,400,34120
20221116,15:24:56,3.60,80,37920
20221116,15:25:01,3.55,200,37920
20221116,15:25:05,3.50,400,37920
20221116,15:25:10,3.65,760,37920
20221116,15:25:14,3.55,40,37920
20221116,15:25:19,3.70,80,37920
20221116,15:25:27,3.55,80,37920
20221116,15:25:31,3.55,160,37920
20221116,15:25:36,3.55,200,37920
20221116,15:25:45,3.50,280,37920
20221116,15:25:50,3.50,80,37920
20221116,15:25:54,3.35,1080,37920
20221116,15:25:59,3.10,680,37920
20221116,15:26:16,3.35,320,37920
20221116,15:26:21,3.15,120,37920
20221116,15:26:44,3.30,160,37920
20221116,15:26:58,3.30,120,37920
20221116,15:27:07,3.40,80,37920
20221116,15:27:12,3.45,640,37920
20221116,15:27:16,3.45,120,37920
20221116,15:27:21,3.45,40,37920
20221116,15:27:31,3.60,520,37920
20221116,15:27:35,3.60,80,37920
20221116,15:27:40,3.70,280,37920
20221116,15:27:45,3.70,240,37920
20221116,15:27:50,3.80,400,39080
20221116,15:27:55,3.85,680,39080
20221116,15:27:59,3.85,200,39080
20221116,15:28:05,3.75,480,39080
20221116,15:28:25,3.75,80,39080
20221116,15:28:30,4.45,240,39080
20221116,15:28:35,3.55,160,39080
20221116,15:28:41,4.30,760,39080
20221116,15:28:46,4.25,880,39080
20221116,15:28:51,4.25,200,39080
20221116,15:28:56,3.55,120,39080
20221116,15:29:01,3.40,160,39080
20221116,15:29:24,5.15,240,39080
20221116,15:29:30,3.05,360,39080
20221116,15:29:35,3.50,360,39080
20221116,15:29:50,5.40,400,39080
20221116,15:29:55,3.05,120,39080
