20221102,09:15:07,58.00,1,4200
20221102,09:15:07,58.00,160,4200
20221102,09:15:15,57.50,40,4200
20221102,09:15:20,57.50,1400,4200
20221102,09:15:30,58.00,240,4200
20221102,09:15:35,62.65,1400,4200
20221102,09:15:40,62.65,80,4200
20221102,09:15:44,63.55,40,4200
20221102,09:15:48,63.55,120,4200
20221102,09:15:57,63.05,80,4200
20221102,09:16:06,66.55,1880,4200
20221102,09:16:10,66.55,200,4200
20221102,09:16:14,64.05,480,4200
20221102,09:16:28,64.10,40,4200
20221102,09:16:32,66.50,800,4200
20221102,09:16:36,70.00,360,4200
20221102,09:16:40,68.50,120,4200
20221102,09:16:53,67.25,200,4200
20221102,09:16:58,65.00,200,4200
20221102,09:17:06,62.25,200,4200
20221102,09:17:15,64.00,200,4200
20221102,09:17:19,63.45,1480,4200
20221102,09:17:24,63.80,40,4200
20221102,09:17:33,65.15,80,11160
20221102,09:17:37,64.00,1200,11160
20221102,09:17:41,65.95,1000,11160
20221102,09:17:50,67.00,240,11160
20221102,09:17:55,68.20,600,11160
20221102,09:17:59,67.00,200,11160
20221102,09:18:03,67.55,120,11160
20221102,09:18:08,69.05,280,11160
20221102,09:18:12,70.00,280,11160
20221102,09:18:17,70.50,200,11160
20221102,09:18:21,70.75,40,11160
20221102,09:18:25,72.25,200,11160
20221102,09:18:30,72.30,40,11160
20221102,09:18:34,74.00,440,11160
20221102,09:18:39,77.70,880,11160
20221102,09:18:43,74.00,80,11160
20221102,09:18:48,73.70,120,11160
20221102,09:18:53,76.50,760,11160
20221102,09:19:03,74.20,480,11160
20221102,09:19:07,73.70,320,11160
20221102,09:19:12,71.50,2240,11160
20221102,09:19:17,71.15,1560,11160
20221102,09:19:22,70.80,1040,11160
20221102,09:19:26,69.45,880,11160
20221102,09:19:31,66.25,920,11160
20221102,09:19:37,68.65,360,11160
20221102,09:19:38,68.60,80,11160
20221102,09:19:42,68.40,200,11160
20221102,09:19:43,69.00,80,11160
20221102,09:19:44,68.85,80,11160
20221102,09:19:45,70.40,320,11160
20221102,09:19:46,70.90,40,11160
20221102,09:19:48,70.20,120,11160
20221102,09:19:49,70.65,520,11160
20221102,09:19:52,71.35,40,11160
20221102,09:19:53,71.35,40,11160
20221102,09:19:54,70.50,400,11160
20221102,09:19:55,68.35,760,11160
20221102,09:19:56,70.00,40,11160
20221102,09:19:57,70.75,120,11160
20221102,09:19:58,72.00,240,11160
20221102,09:19:59,72.55,80,11160
20221102,09:20:00,70.00,400,11160
20221102,09:20:02,77.90,6000,11160
20221102,09:20:07,77.90,160,11160
20221102,09:20:08,70.80,1640,11160
20221102,09:20:08,73.00,240,11160
20221102,09:20:10,70.80,320,11160
20221102,09:20:12,70.00,360,11160
20221102,09:20:13,71.00,120,11160
20221102,09:20:16,70.20,200,11160
20221102,09:20:20,70.35,160,11160
20221102,09:20:20,71.20,40,11160
20221102,09:20:23,71.20,80,20640
20221102,09:20:27,71.35,600,20640
20221102,09:20:28,70.40,1000,20640
20221102,09:20:29,70.75,120,20640
20221102,09:20:30,69.75,840,20640
20221102,09:20:31,70.00,240,20640
20221102,09:20:32,67.75,240,20640
20221102,09:20:33,67.65,400,20640
20221102,09:20:35,68.10,640,20640
20221102,09:20:36,68.10,320,20640
20221102,09:20:38,69.35,1280,20640
20221102,09:20:39,69.45,200,20640
20221102,09:20:42,69.20,80,20640
20221102,09:20:43,68.10,80,20640
20221102,09:20:44,68.85,1320,20640
20221102,09:20:45,67.00,480,20640
20221102,09:20:47,68.05,320,20640
20221102,09:20:48,68.50,960,20640
20221102,09:20:49,67.10,160,20640
20221102,09:20:52,66.00,520,20640
20221102,09:20:53,68.70,1360,20640
20221102,09:20:59,70.95,40,20640
20221102,09:21:05,70.60,200,20640
20221102,09:21:06,67.55,120,20640
20221102,09:21:10,67.50,240,20640
20221102,09:21:13,70.10,40,20640
20221102,09:21:14,67.00,800,20640
20221102,09:21:15,67.00,200,20640
20221102,09:21:16,68.30,120,20640
20221102,09:21:18,67.80,240,20640
20221102,09:21:19,65.10,40,20640
20221102,09:21:22,67.05,200,20640
20221102,09:21:27,67.35,760,20640
20221102,09:21:29,69.55,40,20640
20221102,09:21:31,67.95,200,20640
20221102,09:21:32,69.85,80,20640
20221102,09:21:33,69.95,80,20640
20221102,09:21:36,69.95,120,20640
20221102,09:21:41,72.75,480,20640
20221102,09:21:46,69.55,880,20640
20221102,09:21:51,68.00,680,20640
20221102,09:22:00,68.65,240,20640
20221102,09:22:05,68.70,80,20640
20221102,09:22:20,67.00,40,20640
20221102,09:22:25,69.25,480,20640
20221102,09:22:29,67.95,1200,20640
20221102,09:22:39,67.90,440,20640
20221102,09:22:44,67.85,200,20640
20221102,09:22:49,68.00,680,20640
20221102,09:22:54,68.50,200,20640
20221102,09:23:03,68.65,480,20640
20221102,09:23:08,68.10,1720,20640
20221102,09:23:13,69.45,40,20640
20221102,09:23:18,69.40,80,20640
20221102,09:23:23,68.00,240,20640
20221102,09:23:28,67.95,240,26760
20221102,09:23:33,67.95,1120,26760
20221102,09:23:42,66.60,320,26760
20221102,09:23:47,66.90,160,26760
20221102,09:23:52,65.55,80,26760
20221102,09:23:57,65.00,200,26760
20221102,09:24:02,66.05,440,26760
20221102,09:24:12,65.00,600,26760
20221102,09:24:17,64.85,160,26760
20221102,09:24:21,65.45,40,26760
20221102,09:24:26,66.35,520,26760
20221102,09:24:31,64.35,920,26760
20221102,09:24:36,62.95,240,26760
20221102,09:24:37,63.40,120,26760
20221102,09:24:40,64.15,240,26760
20221102,09:24:42,64.00,800,26760
20221102,09:24:43,64.00,560,26760
20221102,09:24:44,63.05,280,26760
20221102,09:24:50,63.00,80,26760
20221102,09:25:07,62.40,40,26760
20221102,09:25:08,62.95,240,26760
20221102,09:25:09,63.30,80,26760
20221102,09:25:11,63.35,240,26760
20221102,09:25:17,62.55,40,26760
20221102,09:25:25,62.65,40,26760
20221102,09:25:26,62.55,160,26760
20221102,09:25:34,62.20,280,26760
20221102,09:25:35,61.95,760,26760
20221102,09:25:37,62.00,40,26760
20221102,09:25:39,62.35,120,26760
20221102,09:25:44,60.40,240,26760
20221102,09:25:53,61.30,800,26760
20221102,09:25:58,59.35,160,26760
20221102,09:26:08,59.00,400,26760
20221102,09:26:18,58.25,40,26760
20221102,09:26:27,58.45,80,28600
20221102,09:26:36,59.45,400,28600
20221102,09:26:41,59.40,120,28600
20221102,09:26:50,58.90,240,28600
20221102,09:26:55,58.10,40,28600
20221102,09:27:00,57.20,80,28600
20221102,09:27:04,57.00,80,28600
20221102,09:27:09,56.05,360,28600
20221102,09:27:13,56.05,40,28600
20221102,09:27:22,55.35,600,28600
20221102,09:27:32,55.35,120,28600
20221102,09:27:36,55.30,1280,28600
20221102,09:27:41,55.60,80,28600
20221102,09:27:45,55.85,240,28600
20221102,09:27:50,55.75,40,28600
20221102,09:28:04,55.20,80,28600
20221102,09:28:42,57.50,480,28600
20221102,09:28:47,59.05,520,28600
20221102,09:28:51,60.75,160,28600
20221102,09:28:56,59.70,40,28600
20221102,09:29:01,58.65,80,28600
20221102,09:29:05,58.45,120,28600
20221102,09:29:10,57.60,160,28600
20221102,09:29:14,58.55,800,28600
20221102,09:29:19,59.80,160,28600
20221102,09:29:24,58.85,480,28600
20221102,09:29:28,58.40,120,29800
20221102,09:29:38,59.35,80,29800
20221102,09:29:42,59.65,80,29800
20221102,09:29:49,60.00,640,29800
20221102,09:29:50,59.75,160,29800
20221102,09:29:52,58.85,240,29800
20221102,09:29:54,59.70,40,29800
20221102,09:30:00,59.95,80,29800
20221102,09:30:01,59.25,160,29800
20221102,09:30:02,59.25,200,29800
20221102,09:30:06,59.60,80,29800
20221102,09:30:08,60.15,80,29800
20221102,09:30:11,60.15,80,29800
20221102,09:30:12,59.80,40,29800
20221102,09:30:13,60.65,160,29800
20221102,09:30:14,60.65,80,29800
20221102,09:30:18,61.05,80,29800
20221102,09:30:21,61.20,160,29800
20221102,09:30:22,61.30,40,29800
20221102,09:30:31,61.20,160,29800
20221102,09:30:37,62.15,360,29800
20221102,09:30:41,61.25,200,29800
20221102,09:30:46,61.95,320,29800
20221102,09:30:51,63.15,920,29800
20221102,09:30:56,62.45,640,29800
20221102,09:31:01,64.50,320,29800
20221102,09:31:11,64.65,280,29800
20221102,09:31:16,64.55,1120,29800
20221102,09:31:21,64.35,240,29800
20221102,09:31:31,64.70,160,29800
20221102,09:31:36,65.40,320,29800
20221102,09:31:40,65.10,200,29800
20221102,09:31:41,64.10,40,29800
20221102,09:31:44,64.10,40,29800
20221102,09:31:48,65.00,160,29800
20221102,09:31:49,64.05,280,29800
20221102,09:31:49,64.05,80,29800
20221102,09:31:51,66.00,600,29800
20221102,09:31:53,65.20,40,29800
20221102,09:31:56,65.75,120,29800
20221102,09:31:57,66.05,200,29800
20221102,09:32:01,67.10,40,29800
20221102,09:32:03,64.95,80,29800
20221102,09:32:04,65.90,440,29800
20221102,09:32:07,65.45,120,29800
20221102,09:32:09,65.55,360,29800
20221102,09:32:10,65.55,240,29800
20221102,09:32:16,66.55,40,29800
20221102,09:32:18,64.55,40,29800
20221102,09:32:28,66.00,40,31480
20221102,09:32:31,65.00,80,31480
20221102,09:32:32,65.40,1000,31480
20221102,09:32:33,65.65,120,31480
20221102,09:32:38,64.10,40,31480
20221102,09:32:39,64.00,160,31480
20221102,09:32:40,64.45,160,31480
20221102,09:32:41,65.35,80,31480
20221102,09:32:48,64.00,160,31480
20221102,09:32:50,64.75,80,31480
20221102,09:32:52,65.15,80,31480
20221102,09:32:56,63.90,80,31480
20221102,09:33:00,63.20,40,31480
20221102,09:33:03,63.75,80,31480
20221102,09:33:10,62.15,40,31480
20221102,09:33:13,61.65,40,31480
20221102,09:33:17,63.00,560,31480
20221102,09:33:21,62.00,80,31480
20221102,09:33:27,62.00,720,31480
20221102,09:33:29,61.40,320,31480
20221102,09:33:37,61.05,40,31480
20221102,09:33:41,61.00,2080,31480
20221102,09:33:50,61.00,520,31480
20221102,09:33:55,61.00,920,31480
20221102,09:34:00,61.15,2200,31480
20221102,09:34:10,61.20,120,31480
20221102,09:34:15,61.90,120,31480
20221102,09:34:30,61.70,240,31480
20221102,09:34:35,62.55,1000,31480
20221102,09:34:39,62.45,40,31480
20221102,09:34:49,62.10,80,31480
20221102,09:35:18,61.60,160,31480
20221102,09:35:23,61.50,40,31480
20221102,09:35:33,62.10,280,30640
20221102,09:35:38,62.35,80,30640
20221102,09:35:43,62.10,80,30640
20221102,09:35:48,63.15,680,30640
20221102,09:35:53,63.00,560,30640
20221102,09:36:03,62.25,320,30640
20221102,09:36:07,62.25,200,30640
20221102,09:36:12,61.00,200,30640
20221102,09:36:17,61.80,600,30640
20221102,09:36:31,61.40,200,30640
20221102,09:36:36,61.00,640,30640
20221102,09:36:45,59.80,1800,30640
20221102,09:36:56,60.45,80,30640
20221102,09:37:00,59.00,40,30640
20221102,09:37:10,58.00,400,30640
20221102,09:37:24,58.00,840,30640
20221102,09:37:29,58.40,160,30640
20221102,09:37:45,59.00,520,30640
20221102,09:37:46,59.00,680,30640
20221102,09:37:48,58.25,40,30640
20221102,09:37:51,58.00,440,30640
20221102,09:37:57,58.05,480,30640
20221102,09:37:59,57.75,160,30640
20221102,09:38:01,57.30,80,30640
20221102,09:38:04,57.65,240,30640
20221102,09:38:08,58.95,520,30640
20221102,09:38:21,58.90,40,30640
20221102,09:38:22,58.15,40,30640
20221102,09:38:36,58.15,40,30840
20221102,09:38:42,58.60,40,30840
20221102,09:38:51,59.25,160,30840
20221102,09:38:56,59.35,80,30840
20221102,09:39:01,58.75,200,30840
20221102,09:39:05,57.90,40,30840
20221102,09:39:15,57.00,40,30840
20221102,09:39:20,57.65,80,30840
20221102,09:39:24,57.50,360,30840
20221102,09:39:43,57.55,120,30840
20221102,09:39:48,58.95,80,30840
20221102,09:39:57,57.40,160,30840
20221102,09:40:16,56.55,200,30840
20221102,09:40:21,55.00,160,30840
20221102,09:40:30,55.00,40,30840
20221102,09:40:35,55.15,240,30840
20221102,09:40:38,56.70,40,30840
20221102,09:40:44,55.75,440,30840
20221102,09:40:50,55.80,80,30840
20221102,09:40:53,56.70,120,30840
20221102,09:41:02,56.90,120,30840
20221102,09:41:07,55.95,40,30840
20221102,09:41:08,56.35,40,30840
20221102,09:41:11,56.45,80,30840
20221102,09:41:19,56.30,120,30840
20221102,09:41:21,57.60,120,30840
20221102,09:41:24,57.95,120,30840
20221102,09:41:28,57.85,160,31640
20221102,09:41:32,58.05,40,31640
20221102,09:41:33,58.70,40,31640
20221102,09:41:34,57.95,280,31640
20221102,09:41:36,58.40,160,31640
20221102,09:41:37,58.50,840,31640
20221102,09:41:44,57.60,40,31640
20221102,09:41:46,57.20,120,31640
20221102,09:41:47,57.45,80,31640
20221102,09:41:52,56.20,480,31640
20221102,09:41:53,56.30,160,31640
20221102,09:42:03,57.15,480,31640
20221102,09:42:04,57.00,240,31640
20221102,09:42:07,55.20,80,31640
20221102,09:42:11,55.60,80,31640
20221102,09:42:15,56.85,40,31640
20221102,09:42:16,56.70,40,31640
20221102,09:42:20,56.65,40,31640
20221102,09:42:23,56.65,240,31640
20221102,09:42:26,56.30,120,31640
20221102,09:42:27,55.95,80,31640
20221102,09:42:28,56.00,1120,31640
20221102,09:42:39,55.95,40,31640
20221102,09:42:47,56.60,40,31640
20221102,09:43:00,57.90,40,31640
20221102,09:43:19,56.15,40,31640
20221102,09:43:22,56.30,40,31640
20221102,09:43:23,56.30,160,31640
20221102,09:43:42,56.30,40,31640
20221102,09:43:46,55.10,160,31640
20221102,09:43:51,55.05,240,31640
20221102,09:43:56,55.90,40,31640
20221102,09:44:01,55.50,1440,31640
20221102,09:44:26,54.95,40,31640
20221102,09:44:35,54.25,1080,31680
20221102,09:44:40,54.25,40,31680
20221102,09:44:54,54.00,160,31680
20221102,09:44:59,54.00,1640,31680
20221102,09:45:04,53.00,120,31680
20221102,09:45:09,51.00,480,31680
20221102,09:45:20,51.90,160,31680
20221102,09:45:25,52.00,80,31680
20221102,09:45:30,52.10,1080,31680
20221102,09:45:34,51.65,80,31680
20221102,09:45:44,51.05,40,31680
20221102,09:45:46,51.00,40,31680
20221102,09:45:48,50.60,40,31680
20221102,09:45:55,50.50,40,31680
20221102,09:46:02,50.45,40,31680
20221102,09:46:06,50.45,40,31680
20221102,09:46:14,50.15,240,31680
20221102,09:46:15,50.45,40,31680
20221102,09:46:16,49.85,920,31680
20221102,09:46:17,49.85,280,31680
20221102,09:46:23,49.65,40,31680
20221102,09:46:25,49.25,80,31680
20221102,09:46:26,49.25,40,31680
20221102,09:46:27,49.35,400,31680
20221102,09:46:29,49.40,40,31680
20221102,09:46:30,48.85,200,31680
20221102,09:46:31,48.85,160,31680
20221102,09:46:33,48.85,40,31680
20221102,09:46:34,49.70,80,31680
20221102,09:46:35,50.55,320,31680
20221102,09:46:44,51.10,80,31680
20221102,09:46:45,50.85,160,31680
20221102,09:46:48,51.05,40,31680
20221102,09:47:04,51.25,40,31680
20221102,09:47:12,51.15,480,31680
20221102,09:47:17,51.55,80,31680
20221102,09:47:23,51.85,40,31680
20221102,09:47:26,51.25,40,31680
20221102,09:47:27,51.70,40,32160
20221102,09:47:28,51.25,40,32160
20221102,09:47:37,51.15,40,32160
20221102,09:47:57,52.15,80,32160
20221102,09:48:02,51.15,240,32160
20221102,09:48:07,50.05,240,32160
20221102,09:48:12,49.35,320,32160
20221102,09:48:16,49.90,480,32160
20221102,09:48:26,50.00,80,32160
20221102,09:48:31,50.35,120,32160
20221102,09:48:35,49.90,160,32160
20221102,09:48:38,49.95,200,32160
20221102,09:48:41,49.15,160,32160
20221102,09:48:43,50.05,120,32160
20221102,09:48:44,50.70,520,32160
20221102,09:48:47,50.95,320,32160
20221102,09:48:49,50.65,120,32160
20221102,09:48:50,50.90,40,32160
20221102,09:48:52,51.70,80,32160
20221102,09:48:56,51.20,640,32160
20221102,09:48:57,52.05,400,32160
20221102,09:48:58,51.35,80,32160
20221102,09:48:59,51.20,40,32160
20221102,09:49:02,51.30,320,32160
20221102,09:49:15,49.60,120,32160
20221102,09:49:16,49.80,520,32160
20221102,09:49:17,50.35,40,32160
20221102,09:49:19,50.25,120,32160
20221102,09:49:20,50.85,120,32160
20221102,09:49:21,51.10,40,32160
20221102,09:49:22,50.30,200,32160
20221102,09:49:27,50.00,680,32160
20221102,09:49:32,49.80,80,32160
20221102,09:49:35,51.05,40,32160
20221102,09:49:38,50.50,80,32160
20221102,09:49:49,50.85,40,32160
20221102,09:50:02,50.45,400,32160
20221102,09:50:03,50.00,40,32160
20221102,09:50:07,50.90,280,32160
20221102,09:50:08,50.95,80,32160
20221102,09:50:12,52.30,240,32160
20221102,09:50:13,51.55,40,32160
20221102,09:50:15,52.15,120,32160
20221102,09:50:19,51.60,40,32160
20221102,09:50:22,51.70,80,32160
20221102,09:50:29,52.35,600,32080
20221102,09:50:32,51.65,80,32080
20221102,09:50:37,51.90,40,32080
20221102,09:50:39,51.85,40,32080
20221102,09:50:42,51.85,760,32080
20221102,09:50:47,51.60,120,32080
20221102,09:50:54,52.25,40,32080
20221102,09:50:57,53.70,40,32080
20221102,09:51:03,52.90,40,32080
20221102,09:51:16,51.85,120,32080
20221102,09:51:23,52.60,160,32080
20221102,09:51:24,52.30,40,32080
20221102,09:51:30,53.10,120,32080
20221102,09:51:34,53.70,40,32080
20221102,09:51:37,54.35,40,32080
20221102,09:51:39,54.75,520,32080
20221102,09:51:40,54.80,40,32080
20221102,09:51:41,55.95,80,32080
20221102,09:51:52,55.35,160,32080
20221102,09:51:53,54.50,40,32080
20221102,09:51:57,53.80,120,32080
20221102,09:51:58,55.00,800,32080
20221102,09:52:03,56.00,840,32080
20221102,09:52:04,56.10,40,32080
20221102,09:52:05,56.45,80,32080
20221102,09:52:07,56.40,40,32080
20221102,09:52:08,56.25,160,32080
20221102,09:52:09,57.00,1000,32080
20221102,09:52:10,56.25,80,32080
20221102,09:52:12,56.50,80,32080
20221102,09:52:13,56.50,40,32080
20221102,09:52:15,55.80,80,32080
20221102,09:52:18,56.25,40,32080
20221102,09:52:19,56.20,40,32080
20221102,09:52:27,56.80,80,32080
20221102,09:52:30,55.95,600,32080
20221102,09:52:32,56.95,40,32080
20221102,09:52:33,57.00,40,32080
20221102,09:52:36,56.50,120,32080
20221102,09:52:37,55.95,40,32080
20221102,09:52:41,56.40,280,32080
20221102,09:52:42,57.20,80,32080
20221102,09:52:43,56.45,40,32080
20221102,09:52:49,56.65,40,32080
20221102,09:52:54,55.85,40,32080
20221102,09:52:58,55.05,40,32080
20221102,09:53:01,55.25,40,32080
20221102,09:53:05,54.95,40,32080
20221102,09:53:06,54.80,40,32080
20221102,09:53:10,55.10,80,32080
20221102,09:53:23,55.65,120,32080
20221102,09:53:27,55.70,40,32080
20221102,09:53:30,56.00,40,32080
20221102,09:53:34,56.65,200,30520
20221102,09:53:35,56.10,120,30520
20221102,09:53:39,56.10,40,30520
20221102,09:53:40,56.70,80,30520
20221102,09:53:41,57.00,40,30520
20221102,09:53:42,57.35,400,30520
20221102,09:53:50,57.30,40,30520
20221102,09:53:54,56.55,400,30520
20221102,09:53:58,56.45,120,30520
20221102,09:54:01,56.85,120,30520
20221102,09:54:07,57.65,80,30520
20221102,09:54:15,55.55,120,30520
20221102,09:54:18,56.55,40,30520
20221102,09:54:21,57.55,120,30520
20221102,09:54:24,57.05,1600,30520
20221102,09:54:31,57.15,40,30520
20221102,09:54:33,56.45,40,30520
20221102,09:54:34,56.10,40,30520
20221102,09:54:39,55.25,40,30520
20221102,09:54:41,54.70,40,30520
20221102,09:54:53,56.35,40,30520
20221102,09:55:01,55.55,160,30520
20221102,09:55:08,57.10,40,30520
20221102,09:55:09,57.05,40,30520
20221102,09:55:10,56.90,40,30520
20221102,09:55:11,57.65,160,30520
20221102,09:55:12,56.90,80,30520
20221102,09:55:13,56.15,200,30520
20221102,09:55:14,57.15,440,30520
20221102,09:55:15,57.50,80,30520
20221102,09:55:17,56.25,80,30520
20221102,09:55:39,57.90,80,30520
20221102,09:55:46,58.35,40,30520
20221102,09:55:59,58.50,80,30520
20221102,09:56:36,57.40,40,28720
20221102,09:56:40,57.50,40,28720
20221102,09:56:45,57.25,120,28720
20221102,09:56:56,57.75,80,28720
20221102,09:57:01,57.70,40,28720
20221102,09:57:05,58.20,80,28720
20221102,09:57:10,57.70,320,28720
20221102,09:57:46,56.20,80,28720
20221102,09:58:00,55.85,40,28720
20221102,09:58:13,55.85,80,28720
20221102,09:58:21,55.30,40,28720
20221102,09:58:25,55.45,40,28720
20221102,09:58:27,55.90,40,28720
20221102,09:58:53,55.90,200,28720
20221102,09:59:03,54.15,360,28720
20221102,09:59:08,54.35,40,28720
20221102,09:59:12,54.30,40,28720
20221102,09:59:17,54.40,80,28720
20221102,09:59:22,55.05,80,28720
20221102,09:59:26,55.45,40,28720
20221102,09:59:36,54.75,80,28560
20221102,09:59:38,53.90,280,28560
20221102,09:59:47,54.00,40,28560
20221102,09:59:52,53.45,80,28560
20221102,09:59:54,53.25,120,28560
20221102,09:59:57,53.45,80,28560
20221102,10:00:04,53.80,200,28560
20221102,10:00:05,53.65,40,28560
20221102,10:00:07,53.65,120,28560
20221102,10:00:09,53.20,80,28560
20221102,10:00:10,53.00,40,28560
20221102,10:00:11,53.55,80,28560
20221102,10:00:12,53.10,40,28560
20221102,10:00:13,53.15,40,28560
20221102,10:00:14,52.85,40,28560
20221102,10:00:19,52.70,40,28560
20221102,10:00:20,53.25,120,28560
20221102,10:00:21,53.30,40,28560
20221102,10:00:23,53.95,80,28560
20221102,10:00:28,54.85,80,28560
20221102,10:00:31,55.55,120,28560
20221102,10:00:33,56.00,40,28560
20221102,10:00:37,55.50,120,28560
20221102,10:00:47,57.50,40,28560
20221102,10:00:48,57.20,80,28560
20221102,10:00:52,56.20,40,28560
20221102,10:00:54,56.30,40,28560
20221102,10:00:55,56.10,40,28560
20221102,10:00:59,55.80,80,28560
20221102,10:01:02,56.80,80,28560
20221102,10:01:08,56.55,40,28560
20221102,10:01:09,56.30,40,28560
20221102,10:01:14,56.65,80,28560
20221102,10:01:17,56.60,240,28560
20221102,10:01:20,56.60,80,28560
20221102,10:01:31,56.20,40,28560
20221102,10:01:33,57.65,160,28560
20221102,10:01:35,56.55,120,28560
20221102,10:01:37,55.70,40,28560
20221102,10:01:38,56.00,40,28560
20221102,10:01:39,56.50,40,28560
20221102,10:01:40,56.25,40,28560
20221102,10:01:44,54.80,40,28560
20221102,10:01:47,55.80,80,28560
20221102,10:01:51,56.45,80,28560
20221102,10:01:57,55.70,40,28560
20221102,10:02:01,55.65,40,28560
20221102,10:02:07,54.85,160,28560
20221102,10:02:10,54.80,40,28560
20221102,10:02:14,55.60,80,28560
20221102,10:02:16,54.85,40,28560
20221102,10:02:17,55.05,200,28560
20221102,10:02:18,54.65,240,28560
20221102,10:02:19,55.65,80,28560
20221102,10:02:20,55.30,40,28560
20221102,10:02:21,55.65,80,28560
20221102,10:02:22,55.40,80,28560
20221102,10:02:28,54.70,80,28560
20221102,10:02:32,54.60,80,28440
20221102,10:02:33,54.85,120,28440
20221102,10:02:34,54.40,200,28440
20221102,10:02:35,54.15,160,28440
20221102,10:02:36,54.45,40,28440
20221102,10:02:48,55.30,680,28440
20221102,10:02:58,55.00,80,28440
20221102,10:03:01,54.95,200,28440
20221102,10:03:02,54.45,400,28440
20221102,10:03:04,55.30,560,28440
20221102,10:03:06,53.60,240,28440
20221102,10:03:12,54.60,200,28440
20221102,10:03:15,55.50,80,28440
20221102,10:03:16,54.75,200,28440
20221102,10:03:17,54.55,40,28440
20221102,10:03:22,54.55,40,28440
20221102,10:03:31,54.60,40,28440
20221102,10:03:33,54.35,40,28440
20221102,10:03:35,53.65,120,28440
20221102,10:03:36,53.40,40,28440
20221102,10:03:38,53.65,40,28440
20221102,10:03:45,54.85,80,28440
20221102,10:03:47,54.60,40,28440
20221102,10:03:49,53.70,120,28440
20221102,10:03:50,53.80,40,28440
20221102,10:03:52,54.20,40,28440
20221102,10:04:03,52.55,520,28440
20221102,10:04:03,53.80,80,28440
20221102,10:04:12,53.65,160,28440
20221102,10:04:14,54.55,160,28440
20221102,10:04:23,53.10,120,28440
20221102,10:04:28,53.95,80,28440
20221102,10:04:38,53.85,120,28440
20221102,10:04:50,54.10,40,28440
20221102,10:05:08,53.15,400,28440
20221102,10:05:09,52.85,40,28440
20221102,10:05:11,53.15,40,28440
20221102,10:05:13,53.65,40,28440
20221102,10:05:21,53.05,40,28440
20221102,10:05:24,53.50,40,28440
20221102,10:05:26,54.00,80,28440
20221102,10:05:33,53.00,1000,28080
20221102,10:05:44,52.75,40,28080
20221102,10:05:45,52.85,40,28080
20221102,10:05:46,53.65,120,28080
20221102,10:06:07,53.25,80,28080
20221102,10:06:15,52.25,80,28080
20221102,10:06:27,52.95,40,28080
20221102,10:06:32,52.75,120,28080
20221102,10:06:41,53.00,40,28080
20221102,10:06:59,54.15,280,28080
20221102,10:07:03,53.95,40,28080
20221102,10:07:13,53.85,40,28080
20221102,10:07:31,53.60,40,28080
20221102,10:07:44,53.40,40,28080
20221102,10:07:58,53.55,40,28080
20221102,10:08:02,53.40,200,28080
20221102,10:08:20,53.40,40,28080
20221102,10:08:25,52.95,120,28080
20221102,10:08:34,52.85,40,28080
20221102,10:08:48,54.10,40,28440
20221102,10:09:00,53.40,40,28440
20221102,10:09:40,50.70,120,28440
20221102,10:09:50,50.60,40,28440
20221102,10:10:04,50.60,120,28440
20221102,10:10:08,50.70,160,28440
20221102,10:10:13,50.00,240,28440
20221102,10:10:18,51.00,120,28440
20221102,10:10:23,50.80,80,28440
20221102,10:10:32,50.65,360,28440
20221102,10:10:37,50.50,40,28440
20221102,10:10:38,50.80,40,28440
20221102,10:10:41,51.30,40,28440
20221102,10:10:53,50.35,40,28440
20221102,10:11:00,51.60,40,28440
20221102,10:11:10,51.55,40,28440
20221102,10:11:14,51.75,40,28440
20221102,10:11:21,52.25,40,28440
20221102,10:11:25,51.85,120,28440
20221102,10:11:32,51.70,120,28440
20221102,10:11:33,52.35,40,28320
20221102,10:11:36,52.55,120,28320
20221102,10:11:58,52.00,40,28320
20221102,10:12:02,51.80,160,28320
20221102,10:12:07,52.40,40,28320
20221102,10:12:11,52.40,40,28320
20221102,10:12:34,51.55,40,28320
20221102,10:12:38,51.55,40,28320
20221102,10:12:51,52.20,80,28320
20221102,10:13:05,52.00,120,28320
20221102,10:13:10,51.95,200,28320
20221102,10:13:15,52.00,120,28320
20221102,10:13:32,52.45,120,28320
20221102,10:13:37,51.60,120,28320
20221102,10:13:41,51.60,40,28320
20221102,10:13:54,52.35,40,28320
20221102,10:13:58,52.35,40,28320
20221102,10:14:07,52.95,360,28320
20221102,10:14:16,52.65,40,28320
20221102,10:14:21,51.45,40,28320
20221102,10:14:25,52.15,120,28320
20221102,10:14:30,51.80,200,28320
20221102,10:14:34,52.15,40,28320
20221102,10:15:06,52.85,40,28280
20221102,10:15:15,53.45,40,28280
20221102,10:15:20,53.70,40,28280
20221102,10:16:15,52.15,120,28280
20221102,10:16:24,53.55,960,28280
20221102,10:16:34,53.35,40,28280
20221102,10:16:47,54.00,120,28280
20221102,10:17:06,55.55,440,28280
20221102,10:17:10,55.45,80,28280
20221102,10:17:20,55.70,40,28280
20221102,10:17:24,55.30,40,28280
20221102,10:17:43,54.30,40,29160
20221102,10:17:53,53.85,40,29160
20221102,10:18:20,53.85,40,29160
20221102,10:18:25,55.30,600,29160
20221102,10:19:03,55.20,120,29160
20221102,10:19:27,56.10,400,29160
20221102,10:19:41,55.40,120,29160
20221102,10:19:50,56.25,320,29160
20221102,10:20:05,56.30,40,29160
20221102,10:20:10,56.50,400,29160
20221102,10:20:29,56.00,680,29160
20221102,10:20:48,55.45,680,29680
20221102,10:21:06,54.90,80,29680
20221102,10:21:33,54.00,40,29680
20221102,10:21:42,52.90,120,29680
20221102,10:21:55,54.30,40,29680
20221102,10:22:09,54.45,40,29680
20221102,10:22:23,54.00,40,29680
20221102,10:23:18,54.05,80,29680
20221102,10:23:23,54.25,80,29680
20221102,10:23:33,55.35,120,29680
20221102,10:23:52,54.85,40,29360
20221102,10:24:06,54.70,40,29360
20221102,10:24:11,54.70,360,29360
20221102,10:24:54,54.25,40,29360
20221102,10:25:18,53.00,120,29360
20221102,10:25:27,53.40,40,29360
20221102,10:25:37,55.50,40,29360
20221102,10:26:20,53.00,40,29360
20221102,10:26:29,52.15,200,29360
20221102,10:27:07,52.75,80,29480
20221102,10:27:29,52.55,160,29480
20221102,10:27:48,52.00,40,29480
20221102,10:27:52,52.45,120,29480
20221102,10:28:29,52.45,120,29480
20221102,10:28:47,52.75,40,29480
20221102,10:29:18,55.00,40,29480
20221102,10:30:12,55.00,40,29200
20221102,10:30:34,55.80,800,29200
20221102,10:30:38,55.40,40,29200
20221102,10:30:43,54.50,120,29200
20221102,10:30:48,54.40,40,29200
20221102,10:30:52,53.10,40,29200
20221102,10:31:01,54.40,40,29200
20221102,10:31:28,52.50,160,29200
20221102,10:31:32,53.20,40,29200
20221102,10:31:58,53.90,80,29200
20221102,10:32:02,53.45,40,29200
20221102,10:32:11,53.45,40,29200
20221102,10:32:19,53.25,80,29200
20221102,10:32:28,54.95,120,29200
20221102,10:32:41,54.10,40,28960
20221102,10:32:53,54.90,40,28960
20221102,10:33:38,54.05,80,28960
20221102,10:33:51,55.00,120,28960
20221102,10:34:00,55.50,240,28960
20221102,10:34:04,55.50,40,28960
20221102,10:34:14,54.45,80,28960
20221102,10:34:23,54.70,40,28960
20221102,10:34:28,54.15,80,28960
20221102,10:35:01,54.15,80,28960
20221102,10:35:06,54.05,40,28960
20221102,10:35:10,53.00,480,28960
20221102,10:35:28,53.95,160,28960
20221102,10:35:33,53.85,160,28960
20221102,10:35:38,53.70,80,28960
20221102,10:35:42,54.10,240,28560
20221102,10:36:25,53.80,40,28560
20221102,10:36:29,53.80,40,28560
20221102,10:37:37,54.10,40,28560
20221102,10:37:41,54.15,80,28560
20221102,10:38:53,54.60,240,28160
20221102,10:39:14,54.95,400,28160
20221102,10:39:23,55.35,320,28160
20221102,10:39:27,55.50,40,28160
20221102,10:39:32,55.65,120,28160
20221102,10:39:49,56.05,40,28160
20221102,10:39:53,55.10,40,28160
20221102,10:39:57,55.00,40,28160
20221102,10:40:02,55.10,160,28160
20221102,10:40:06,55.10,120,28160
20221102,10:40:23,55.10,120,28160
20221102,10:40:59,55.60,40,28160
20221102,10:41:39,56.00,400,28160
20221102,10:41:43,56.50,40,28560
20221102,10:41:51,56.30,40,28560
20221102,10:41:56,56.50,120,28560
20221102,10:42:00,56.50,120,28560
20221102,10:42:04,56.50,40,28560
20221102,10:42:08,56.50,120,28560
20221102,10:42:34,57.25,400,28560
20221102,10:42:42,56.85,80,28560
20221102,10:42:46,56.35,80,28560
20221102,10:43:10,56.85,40,28560
20221102,10:43:56,55.60,40,28560
20221102,10:44:00,55.60,40,28560
20221102,10:44:04,56.00,40,28560
20221102,10:44:09,56.85,320,28560
20221102,10:44:41,56.40,40,28480
20221102,10:44:45,56.40,80,28480
20221102,10:44:54,56.40,80,28480
20221102,10:44:58,56.50,480,28480
20221102,10:45:07,55.60,80,28480
20221102,10:45:16,55.00,80,28480
20221102,10:45:25,55.55,40,28480
20221102,10:45:46,57.00,360,28480
20221102,10:45:59,57.40,40,28480
20221102,10:46:03,56.35,40,28480
20221102,10:46:29,56.65,40,28480
20221102,10:47:01,55.60,80,28480
20221102,10:47:20,55.75,40,28480
20221102,10:48:09,55.75,40,28600
20221102,10:48:21,55.50,40,28600
20221102,10:48:44,56.25,40,28600
20221102,10:49:26,56.00,1280,28600
20221102,10:49:31,56.10,80,28600
20221102,10:49:40,55.35,680,28600
20221102,10:49:48,55.05,40,28600
20221102,10:49:53,54.40,240,28600
20221102,10:49:57,54.05,80,28600
20221102,10:50:07,54.00,120,28600
20221102,10:50:11,52.75,280,28600
20221102,10:50:16,53.40,40,28600
20221102,10:50:25,54.15,160,28600
20221102,10:50:29,54.65,80,28600
20221102,10:50:47,52.80,120,28720
20221102,10:50:51,52.70,40,28720
20221102,10:51:21,52.20,40,28720
20221102,10:51:30,52.15,40,28720
20221102,10:51:34,52.20,80,28720
20221102,10:51:46,52.20,200,28720
20221102,10:51:57,52.45,40,28720
20221102,10:53:37,53.35,40,28720
20221102,10:53:54,53.90,240,28400
20221102,10:54:34,55.10,40,28400
20221102,10:55:31,56.25,600,28400
20221102,10:55:35,57.20,80,28400
20221102,10:55:43,57.20,40,28400
20221102,10:55:47,56.90,40,28400
20221102,10:57:16,56.40,400,28000
20221102,10:57:46,56.40,40,28000
20221102,10:58:00,58.15,120,28000
20221102,10:58:15,57.45,80,28000
20221102,10:58:20,57.85,160,28000
20221102,10:58:25,57.85,40,28000
20221102,10:58:29,58.00,80,28000
20221102,10:58:33,57.30,200,28000
20221102,10:58:42,57.00,80,28000
20221102,10:58:55,56.55,40,28000
20221102,10:59:00,57.60,120,28000
20221102,11:00:14,59.05,40,28080
20221102,11:00:37,58.35,120,28080
20221102,11:00:56,56.15,80,28080
20221102,11:01:00,56.60,40,28080
20221102,11:01:10,56.65,40,28080
20221102,11:01:33,58.15,80,28080
20221102,11:01:50,59.15,80,28080
20221102,11:02:12,60.00,80,28080
20221102,11:02:17,60.25,560,28080
20221102,11:02:36,60.60,40,28080
20221102,11:03:04,59.95,160,27920
20221102,11:03:06,60.30,280,27920
20221102,11:03:07,59.80,1200,27920
20221102,11:03:08,60.30,80,27920
20221102,11:03:09,60.90,1240,27920
20221102,11:03:13,60.90,80,27920
20221102,11:03:16,61.35,80,27920
20221102,11:03:24,60.75,40,27920
20221102,11:03:32,60.00,120,27920
20221102,11:03:51,60.00,40,27920
20221102,11:03:55,60.75,40,27920
20221102,11:04:09,61.00,400,27920
20221102,11:04:18,61.15,40,27920
20221102,11:04:23,60.40,160,27920
20221102,11:04:28,60.60,40,27920
20221102,11:04:47,61.05,80,27920
20221102,11:04:51,60.05,80,27920
20221102,11:04:56,61.35,240,27920
20221102,11:05:01,60.80,40,27920
20221102,11:05:10,60.60,120,27920
20221102,11:05:14,60.30,160,27920
20221102,11:05:24,61.05,1640,27920
20221102,11:05:28,61.15,40,27920
20221102,11:05:56,61.70,40,28960
20221102,11:06:06,60.90,800,28960
20221102,11:06:21,60.75,40,28960
20221102,11:06:48,62.60,120,28960
20221102,11:06:58,63.00,800,28960
20221102,11:07:11,61.50,40,28960
20221102,11:07:16,61.20,80,28960
20221102,11:07:30,60.60,80,28960
20221102,11:07:39,60.50,240,28960
20221102,11:08:02,60.50,80,28960
20221102,11:08:10,60.00,600,28960
20221102,11:08:19,59.60,120,28960
20221102,11:08:37,59.75,160,28960
20221102,11:08:50,59.55,40,29160
20221102,11:09:12,58.60,40,29160
20221102,11:09:16,58.10,40,29160
20221102,11:09:21,58.00,40,29160
20221102,11:09:25,57.90,40,29160
20221102,11:09:47,59.65,280,29160
20221102,11:10:01,60.30,200,29160
20221102,11:10:18,59.30,360,29160
20221102,11:10:23,59.30,160,29160
20221102,11:10:35,59.05,120,29160
20221102,11:10:48,59.85,40,29160
20221102,11:10:56,59.70,80,29160
20221102,11:11:13,59.75,40,29160
20221102,11:11:17,59.15,40,29160
20221102,11:11:21,59.50,40,29160
20221102,11:11:41,59.10,40,29160
20221102,11:13:25,56.75,120,29360
20221102,11:13:30,57.00,40,29360
20221102,11:13:48,57.00,400,29360
20221102,11:13:52,57.20,80,29360
20221102,11:14:29,57.25,40,29360
20221102,11:15:01,56.00,40,29480
20221102,11:15:11,55.85,120,29480
20221102,11:15:16,56.20,360,29480
20221102,11:15:34,56.45,40,29480
20221102,11:15:39,56.45,80,29480
20221102,11:15:44,56.35,80,29480
20221102,11:15:53,55.00,200,29480
20221102,11:16:10,54.10,40,29480
20221102,11:16:37,54.90,80,29480
20221102,11:16:42,54.00,640,29480
20221102,11:16:51,54.45,40,29480
20221102,11:17:14,54.10,40,29480
20221102,11:17:27,55.00,40,29480
20221102,11:17:46,54.95,400,29480
20221102,11:17:50,55.00,40,29720
20221102,11:18:22,55.45,40,29720
20221102,11:18:29,55.50,40,29720
20221102,11:18:38,56.25,160,29720
20221102,11:18:43,55.15,40,29720
20221102,11:19:02,55.15,40,29720
20221102,11:19:15,55.00,120,29720
20221102,11:19:38,54.70,40,29720
20221102,11:19:43,55.20,80,29720
20221102,11:19:47,55.95,80,29720
20221102,11:20:13,55.80,40,29720
20221102,11:20:40,55.95,80,29720
20221102,11:21:42,56.50,200,29640
20221102,11:21:46,57.00,440,29640
20221102,11:21:50,57.00,120,29640
20221102,11:22:08,56.55,40,29640
20221102,11:22:36,56.65,80,29640
20221102,11:23:26,56.65,40,29640
20221102,11:23:43,56.55,40,29640
20221102,11:23:47,55.50,80,29640
20221102,11:23:52,56.80,160,30040
20221102,11:24:06,57.25,40,30040
20221102,11:24:11,57.75,40,30040
20221102,11:24:24,58.70,40,30040
20221102,11:24:28,58.95,80,30040
20221102,11:25:05,59.00,120,30040
20221102,11:25:10,58.95,40,30040
20221102,11:25:15,58.95,80,30040
20221102,11:25:29,59.50,80,30040
20221102,11:26:09,58.95,40,30040
20221102,11:26:55,58.30,80,30120
20221102,11:27:56,58.50,40,30120
20221102,11:28:22,56.35,200,30120
20221102,11:28:27,56.90,240,30120
20221102,11:28:41,56.50,40,30120
20221102,11:28:50,56.25,80,30120
20221102,11:28:55,57.10,40,30120
20221102,11:29:00,56.25,120,30120
20221102,11:29:04,56.75,40,30120
20221102,11:29:17,57.70,40,30120
20221102,11:30:18,56.50,40,29960
20221102,11:30:31,58.70,80,29960
20221102,11:30:48,59.50,120,29960
20221102,11:30:57,59.70,80,29960
20221102,11:31:14,59.45,40,29960
20221102,11:31:35,58.85,40,29960
20221102,11:33:04,57.95,40,30040
20221102,11:33:11,58.85,120,30040
20221102,11:33:45,60.05,40,30040
20221102,11:33:50,60.55,40,30040
20221102,11:34:16,58.50,280,30040
20221102,11:34:20,59.40,960,30040
20221102,11:34:44,59.50,160,30040
20221102,11:35:37,59.55,80,30040
20221102,11:36:11,60.00,80,29480
20221102,11:36:18,59.85,40,29480
20221102,11:36:43,59.10,40,29480
20221102,11:36:51,59.35,80,29480
20221102,11:38:01,58.85,40,29480
20221102,11:38:21,58.80,40,29480
20221102,11:38:42,58.25,80,29480
20221102,11:38:46,59.00,80,29480
20221102,11:39:33,58.65,600,29560
20221102,11:39:47,59.60,40,29560
20221102,11:39:55,59.60,40,29560
20221102,11:40:34,59.35,80,29560
20221102,11:40:42,59.40,40,29560
20221102,11:40:46,58.60,40,29560
20221102,11:41:14,59.20,80,29560
20221102,11:41:30,59.45,80,29560
20221102,11:41:38,59.55,80,29560
20221102,11:41:45,59.15,120,29560
20221102,11:41:54,59.75,80,29520
20221102,11:42:01,59.75,40,29520
20221102,11:42:09,59.80,40,29520
20221102,11:42:13,58.95,80,29520
20221102,11:42:18,59.05,40,29520
20221102,11:42:22,59.70,560,29520
20221102,11:42:34,60.00,40,29520
20221102,11:43:05,60.00,80,29520
20221102,11:43:13,59.90,80,29520
20221102,11:43:21,59.35,80,29520
20221102,11:43:25,58.60,40,29520
20221102,11:43:57,59.50,80,29520
20221102,11:44:07,58.95,120,29520
20221102,11:44:12,59.30,40,29520
20221102,11:44:31,59.35,80,29520
20221102,11:45:32,59.00,40,29360
20221102,11:45:42,59.05,160,29360
20221102,11:46:04,60.00,360,29360
20221102,11:46:09,60.00,120,29360
20221102,11:46:31,59.75,40,29360
20221102,11:46:52,60.00,480,29360
20221102,11:46:57,60.00,320,29360
20221102,11:47:01,59.30,200,29360
20221102,11:47:43,57.75,80,29360
20221102,11:48:05,58.00,80,29240
20221102,11:48:58,59.00,200,29240
20221102,11:50:10,59.10,160,29240
20221102,11:50:43,58.35,200,29240
20221102,11:51:45,59.65,80,29280
20221102,11:51:49,59.60,40,29280
20221102,11:52:03,59.55,600,29280
20221102,11:54:17,59.85,80,29680
20221102,11:55:36,60.70,160,29680
20221102,11:55:41,61.00,40,29680
20221102,11:55:47,61.65,40,29680
20221102,11:56:02,61.85,120,29680
20221102,11:56:25,61.85,40,29680
20221102,11:57:00,61.80,200,29680
20221102,11:57:26,61.35,40,29680
20221102,11:58:04,60.70,40,29680
20221102,11:58:41,60.05,120,29680
20221102,11:58:45,60.05,200,29680
20221102,11:59:05,59.60,40,29680
20221102,11:59:13,59.50,40,29680
20221102,11:59:39,59.00,320,29680
20221102,11:59:43,58.50,440,29680
20221102,11:59:48,58.25,40,29680
20221102,11:59:52,58.25,160,29680
20221102,11:59:56,58.00,800,30240
20221102,12:00:05,58.00,80,30240
20221102,12:00:17,57.95,40,30240
20221102,12:00:21,57.95,360,30240
20221102,12:00:26,57.20,80,30240
20221102,12:00:38,56.90,120,30240
20221102,12:01:16,57.45,40,30240
20221102,12:01:33,57.95,160,30240
20221102,12:02:03,57.30,40,30240
20221102,12:02:16,56.65,40,30240
20221102,12:02:26,57.45,360,30240
20221102,12:02:41,57.65,40,30240
20221102,12:02:45,56.90,40,30240
20221102,12:03:27,58.00,200,30760
20221102,12:03:32,58.00,40,30760
20221102,12:04:24,59.10,120,30760
20221102,12:05:05,59.40,40,30760
20221102,12:06:10,59.30,80,30840
20221102,12:07:23,59.00,40,30840
20221102,12:07:36,59.60,400,30840
20221102,12:08:20,59.60,40,30840
20221102,12:08:49,58.75,160,30840
20221102,12:09:27,58.50,160,31040
20221102,12:10:00,59.00,160,31040
20221102,12:10:09,59.15,320,31040
20221102,12:10:28,58.85,40,31040
20221102,12:10:37,59.20,80,31040
20221102,12:10:51,59.00,200,31040
20221102,12:11:17,58.55,40,31040
20221102,12:11:50,59.00,80,31040
20221102,12:11:59,59.20,200,30880
20221102,12:12:15,58.25,920,30880
20221102,12:12:41,58.90,40,30880
20221102,12:12:54,59.00,40,30880
20221102,12:12:58,59.10,40,30880
20221102,12:14:14,59.85,80,30880
20221102,12:14:26,60.00,360,30880
20221102,12:15:33,60.00,40,31720
20221102,12:16:12,60.00,480,31720
20221102,12:16:17,61.20,840,31720
20221102,12:17:24,60.50,40,31720
20221102,12:17:38,60.20,40,31720
20221102,12:17:54,59.55,80,31720
20221102,12:18:18,59.70,80,30440
20221102,12:18:52,59.30,800,30440
20221102,12:19:51,59.70,40,30440
20221102,12:20:19,60.25,120,30440
20221102,12:20:39,59.35,40,30440
20221102,12:20:48,59.95,40,30440
20221102,12:21:11,59.30,400,29800
20221102,12:21:34,58.05,400,29800
20221102,12:22:06,57.60,200,29800
20221102,12:22:37,56.20,400,29800
20221102,12:22:42,56.20,200,29800
20221102,12:23:36,57.15,80,29800
20221102,12:23:52,57.10,40,29800
20221102,12:24:00,56.90,40,29720
20221102,12:25:04,56.95,40,29720
20221102,12:25:45,56.75,80,29720
20221102,12:27:14,58.55,400,29720
20221102,12:28:06,57.75,240,29720
20221102,12:30:29,58.00,40,30040
20221102,12:30:45,58.50,40,30040
20221102,12:30:50,57.85,40,30040
20221102,12:31:24,58.50,120,30040
20221102,12:32:09,57.20,760,30040
20221102,12:32:32,58.05,520,30040
20221102,12:32:46,58.50,280,30040
20221102,12:32:50,58.75,40,30040
20221102,12:33:03,58.55,40,30720
20221102,12:33:11,59.00,80,30720
20221102,12:33:42,59.00,520,30720
20221102,12:33:56,58.80,240,30720
20221102,12:34:00,58.70,80,30720
20221102,12:34:09,59.15,80,30720
20221102,12:34:46,58.75,80,30720
20221102,12:35:58,58.60,40,30720
20221102,12:36:24,58.75,80,30400
20221102,12:37:35,58.65,40,30400
20221102,12:37:48,58.75,400,30400
20221102,12:38:10,59.20,40,30400
20221102,12:39:05,58.75,80,29960
20221102,12:39:19,57.60,40,29960
20221102,12:39:28,57.70,120,29960
20221102,12:39:33,58.00,80,29960
20221102,12:39:37,57.65,40,29960
20221102,12:40:02,57.55,40,29960
20221102,12:40:54,57.55,160,29960
20221102,12:41:19,57.05,40,29960
20221102,12:41:27,57.05,40,29960
20221102,12:41:32,58.00,120,29960
20221102,12:41:52,58.30,320,29960
20221102,12:42:20,58.45,160,29720
20221102,12:42:59,58.45,40,29720
20221102,12:43:11,57.75,80,29720
20221102,12:43:45,58.45,320,29720
20221102,12:44:01,59.10,40,29720
20221102,12:44:12,58.50,40,29720
20221102,12:44:13,58.70,40,29720
20221102,12:44:28,59.10,40,29720
20221102,12:45:08,59.10,720,29320
20221102,12:45:13,59.15,40,29320
20221102,12:45:37,59.70,40,29320
20221102,12:46:06,58.95,80,29320
20221102,12:46:15,58.75,40,29320
20221102,12:46:28,59.70,40,29320
20221102,12:46:39,59.70,200,29320
20221102,12:46:40,59.75,80,29320
20221102,12:46:41,59.95,40,29320
20221102,12:46:54,59.70,40,29320
20221102,12:48:00,59.40,40,29320
20221102,12:48:17,59.00,40,28800
20221102,12:48:46,59.25,40,28800
20221102,12:49:21,60.35,240,28800
20221102,12:49:27,60.30,40,28800
20221102,12:49:37,61.00,80,28800
20221102,12:50:02,60.35,80,28800
20221102,12:50:26,60.85,40,28800
20221102,12:50:58,61.50,480,28800
20221102,12:51:03,62.75,240,28800
20221102,12:51:08,63.15,760,28160
20221102,12:51:14,63.90,120,28160
20221102,12:51:28,63.90,40,28160
20221102,12:51:33,63.45,40,28160
20221102,12:51:45,63.50,200,28160
20221102,12:51:46,63.00,40,28160
20221102,12:51:47,63.00,120,28160
20221102,12:51:52,63.50,40,28160
20221102,12:51:53,64.00,80,28160
20221102,12:52:03,63.55,40,28160
20221102,12:52:14,64.45,40,28160
20221102,12:52:15,64.50,40,28160
20221102,12:52:19,64.40,120,28160
20221102,12:52:43,63.95,40,28160
20221102,12:52:47,63.85,40,28160
20221102,12:52:50,63.80,40,28160
20221102,12:52:51,63.80,120,28160
20221102,12:52:52,63.55,120,28160
20221102,12:52:56,64.40,160,28160
20221102,12:53:00,64.40,40,28160
20221102,12:53:21,63.90,40,28160
20221102,12:53:23,63.80,80,28160
20221102,12:53:26,63.05,80,28160
20221102,12:54:01,63.30,40,28160
20221102,12:54:07,63.30,120,28280
20221102,12:54:20,62.95,360,28280
20221102,12:54:50,62.70,360,28280
20221102,12:55:02,63.35,160,28280
20221102,12:55:25,62.60,40,28280
20221102,12:55:30,62.55,40,28280
20221102,12:55:35,62.00,40,28280
20221102,12:55:48,62.05,40,28280
20221102,12:56:19,63.00,120,28280
20221102,12:56:30,62.50,40,28280
20221102,12:57:00,63.25,40,28280
20221102,12:57:26,62.55,80,28000
20221102,12:57:56,63.30,40,28000
20221102,12:58:04,63.50,40,28000
20221102,12:58:13,62.95,40,28000
20221102,12:58:36,63.50,40,28000
20221102,12:59:02,63.55,160,28000
20221102,12:59:11,64.30,40,28000
20221102,12:59:16,64.85,40,28000
20221102,12:59:20,64.25,40,28000
20221102,12:59:25,63.85,40,28000
20221102,12:59:45,63.95,40,28000
20221102,12:59:50,64.05,120,28000
20221102,13:00:04,63.95,120,28000
20221102,13:00:09,64.80,120,28000
20221102,13:00:15,65.25,160,28000
20221102,13:00:20,65.70,40,28000
20221102,13:00:30,64.95,40,28000
20221102,13:00:40,65.60,160,28000
20221102,13:00:45,65.85,600,28000
20221102,13:00:49,65.30,120,28000
20221102,13:00:59,65.30,240,28000
20221102,13:01:08,65.30,40,28000
20221102,13:01:13,65.30,40,28000
20221102,13:01:17,65.30,40,28000
20221102,13:01:27,64.80,200,28000
20221102,13:01:46,65.00,80,28000
20221102,13:01:51,64.75,120,28000
20221102,13:02:16,64.75,80,28000
20221102,13:02:30,63.50,600,28000
20221102,13:02:52,63.00,240,28000
20221102,13:03:10,63.00,920,27360
20221102,13:03:29,63.10,40,27360
20221102,13:03:42,63.00,40,27360
20221102,13:03:47,63.00,320,27360
20221102,13:03:52,62.35,120,27360
20221102,13:03:56,62.55,720,27360
20221102,13:04:14,62.65,40,27360
20221102,13:04:26,61.80,80,27360
20221102,13:04:30,61.85,280,27360
20221102,13:04:34,61.50,600,27360
20221102,13:06:16,61.05,80,28200
20221102,13:06:21,61.85,440,28200
20221102,13:07:29,60.60,80,28200
20221102,13:07:55,60.65,80,28200
20221102,13:08:17,60.00,40,28200
20221102,13:08:47,60.00,120,28200
20221102,13:08:56,60.50,120,28200
20221102,13:09:50,58.95,40,27920
20221102,13:09:54,58.85,80,27920
20221102,13:10:02,58.75,240,27920
20221102,13:11:05,59.85,40,27920
20221102,13:11:18,60.10,40,27920
20221102,13:11:54,62.50,40,27920
20221102,13:12:11,62.20,200,27880
20221102,13:12:27,61.95,240,27880
20221102,13:12:32,61.45,40,27880
20221102,13:13:50,61.50,160,27880
20221102,13:14:26,61.15,40,27880
20221102,13:14:39,60.40,40,27880
20221102,13:14:58,60.85,80,27880
20221102,13:15:39,60.20,120,27640
20221102,13:15:48,61.40,80,27640
20221102,13:15:56,61.30,40,27640
20221102,13:16:24,60.20,80,27640
20221102,13:16:38,59.00,40,27640
20221102,13:16:58,58.00,40,27640
20221102,13:17:12,58.00,80,27640
20221102,13:17:16,58.65,40,27640
20221102,13:17:46,55.45,160,27640
20221102,13:17:51,56.15,40,27640
20221102,13:17:55,56.60,80,27640
20221102,13:18:09,55.65,80,27440
20221102,13:18:19,56.70,120,27440
20221102,13:18:29,56.90,40,27440
20221102,13:18:43,57.00,1000,27440
20221102,13:19:04,58.00,200,27440
20221102,13:20:17,57.10,40,27440
20221102,13:20:21,56.70,40,27440
20221102,13:20:26,56.35,40,27440
20221102,13:20:41,55.65,40,27440
20221102,13:20:59,56.85,280,27440
20221102,13:21:44,57.90,40,28200
20221102,13:21:48,58.50,120,28200
20221102,13:21:57,58.10,40,28200
20221102,13:22:15,58.35,80,28200
20221102,13:22:19,58.10,40,28200
20221102,13:22:27,58.65,240,28200
20221102,13:23:07,58.45,80,28200
20221102,13:23:11,58.50,800,28200
20221102,13:23:28,58.45,80,28200
20221102,13:23:46,58.65,160,28200
20221102,13:23:50,58.40,240,28200
20221102,13:23:55,58.25,80,28200
20221102,13:24:13,57.75,640,29040
20221102,13:24:31,57.80,280,29040
20221102,13:24:35,58.90,80,29040
20221102,13:24:40,59.30,80,29040
20221102,13:24:44,59.15,80,29040
20221102,13:25:01,58.50,40,29040
20221102,13:25:10,58.45,40,29040
20221102,13:25:18,58.95,40,29040
20221102,13:26:19,58.90,40,29040
20221102,13:26:23,59.25,40,29040
20221102,13:26:28,59.95,1600,29040
20221102,13:26:33,60.00,280,29040
20221102,13:26:37,60.45,160,29040
20221102,13:26:41,61.20,960,29040
20221102,13:26:46,61.60,40,29040
20221102,13:27:08,61.20,120,29040
20221102,13:27:21,60.65,40,27760
20221102,13:27:31,61.30,240,27760
20221102,13:27:40,60.65,120,27760
20221102,13:28:01,59.80,320,27760
20221102,13:28:05,60.00,920,27760
20221102,13:28:14,59.75,160,27760
20221102,13:28:26,59.70,40,27760
20221102,13:28:35,58.70,160,27760
20221102,13:28:56,59.80,80,27760
20221102,13:29:12,58.50,40,27760
20221102,13:29:35,58.10,40,27760
20221102,13:29:41,58.50,40,27760
20221102,13:29:44,58.95,80,27760
20221102,13:30:03,58.00,160,27760
20221102,13:30:11,57.45,1400,27560
20221102,13:30:35,58.55,40,27560
20221102,13:30:46,58.95,80,27560
20221102,13:31:00,57.45,440,27560
20221102,13:32:17,58.45,40,27560
20221102,13:32:23,58.05,40,27560
20221102,13:32:32,58.25,40,27560
20221102,13:32:40,58.05,120,27560
20221102,13:32:45,56.95,1120,27560
20221102,13:32:50,58.00,1200,27560
20221102,13:33:05,58.00,40,27560
20221102,13:33:10,58.10,40,27560
20221102,13:33:37,59.20,40,25320
20221102,13:34:41,59.10,40,25320
20221102,13:35:12,62.05,80,25320
20221102,13:35:59,62.55,40,25320
20221102,13:36:09,63.25,320,25320
20221102,13:36:24,62.90,600,25320
20221102,13:36:34,62.80,40,25320
20221102,13:36:47,63.30,120,25320
20221102,13:36:51,63.65,400,25320
20221102,13:36:56,63.00,440,25320
20221102,13:37:00,62.90,40,25320
20221102,13:37:09,63.85,80,25320
20221102,13:37:17,63.70,200,25320
20221102,13:37:26,63.70,200,25320
20221102,13:37:35,64.95,80,25320
20221102,13:37:38,64.45,40,25320
20221102,13:37:39,64.20,40,25320
20221102,13:37:51,64.75,40,25320
20221102,13:38:00,63.75,200,25320
20221102,13:38:07,63.50,40,25320
20221102,13:38:27,63.20,160,25320
20221102,13:38:48,64.00,40,25320
20221102,13:39:10,63.85,40,25320
20221102,13:39:24,64.50,1200,25560
20221102,13:39:28,63.45,560,25560
20221102,13:39:51,64.50,120,25560
20221102,13:40:00,64.75,80,25560
20221102,13:40:05,64.80,240,25560
20221102,13:40:10,64.80,120,25560
20221102,13:40:15,65.00,120,25560
20221102,13:40:29,64.00,80,25560
20221102,13:40:43,64.40,160,25560
20221102,13:40:56,64.00,1040,25560
20221102,13:41:00,64.45,80,25560
20221102,13:41:05,64.40,80,25560
20221102,13:41:09,64.60,40,25560
20221102,13:41:18,64.05,400,25560
20221102,13:41:27,63.45,80,25560
20221102,13:41:31,63.45,40,25560
20221102,13:41:36,64.00,120,25560
20221102,13:41:40,64.00,40,25560
20221102,13:42:05,64.90,400,25560
20221102,13:42:09,65.15,120,25560
20221102,13:42:14,65.00,120,23200
20221102,13:42:18,65.00,520,23200
20221102,13:42:30,64.45,40,23200
20221102,13:42:37,64.05,40,23200
20221102,13:42:55,64.25,200,23200
20221102,13:43:07,64.80,40,23200
20221102,13:43:11,64.20,160,23200
20221102,13:43:16,63.95,240,23200
20221102,13:43:42,64.40,1880,23200
20221102,13:44:23,65.20,240,23200
20221102,13:44:31,65.20,280,23200
20221102,13:44:36,65.10,40,23200
20221102,13:44:45,65.80,440,23200
20221102,13:44:50,64.85,40,23200
20221102,13:44:59,65.70,80,23200
20221102,13:45:03,66.00,560,23200
20221102,13:45:08,66.50,80,23200
20221102,13:45:13,66.15,160,23200
20221102,13:45:46,64.55,80,23400
20221102,13:45:56,65.25,120,23400
20221102,13:46:01,65.80,80,23400
20221102,13:46:06,65.65,40,23400
20221102,13:46:24,65.25,40,23400
20221102,13:46:28,64.50,160,23400
20221102,13:46:33,65.25,200,23400
20221102,13:46:38,63.90,240,23400
20221102,13:46:43,64.15,80,23400
20221102,13:46:47,64.85,480,23400
20221102,13:47:06,63.75,40,23400
20221102,13:47:20,63.40,1200,23400
20221102,13:47:25,63.60,160,23400
20221102,13:47:30,64.20,400,23400
20221102,13:47:39,63.20,40,23400
20221102,13:47:44,63.30,160,23400
20221102,13:47:49,63.00,40,23400
20221102,13:47:57,63.30,80,23400
20221102,13:48:02,63.75,80,23400
20221102,13:48:07,64.05,160,23400
20221102,13:48:23,63.00,80,24040
20221102,13:48:28,63.00,760,24040
20221102,13:48:32,63.30,80,24040
20221102,13:48:50,62.00,160,24040
20221102,13:48:54,62.45,200,24040
20221102,13:48:59,62.60,40,24040
20221102,13:49:08,62.55,1480,24040
20221102,13:49:13,62.00,400,24040
20221102,13:49:18,62.00,480,24040
20221102,13:49:23,62.45,40,24040
20221102,13:49:28,62.85,80,24040
20221102,13:49:32,62.40,40,24040
20221102,13:49:37,61.70,40,24040
20221102,13:50:23,61.70,40,24040
20221102,13:50:47,61.00,80,24040
20221102,13:50:56,60.30,760,24040
20221102,13:51:37,60.00,440,23200
20221102,13:51:46,60.70,200,23200
20221102,13:51:51,60.85,80,23200
20221102,13:51:56,61.00,80,23200
20221102,13:52:19,62.35,120,23200
20221102,13:52:50,63.00,160,23200
20221102,13:52:55,63.55,80,23200
20221102,13:53:13,64.10,160,23200
20221102,13:53:30,64.05,80,23200
20221102,13:53:53,63.00,80,23200
20221102,13:53:58,62.75,40,23200
20221102,13:54:07,64.05,80,23200
20221102,13:54:42,64.40,40,23360
20221102,13:55:26,64.60,120,23360
20221102,13:55:31,64.60,40,23360
20221102,13:55:49,64.20,40,23360
20221102,13:55:58,65.80,120,23360
20221102,13:57:09,64.45,40,23360
20221102,13:57:58,64.45,80,23440
20221102,13:58:02,64.40,80,23440
20221102,13:58:31,64.90,40,23440
20221102,13:58:41,65.00,40,23440
20221102,13:58:55,64.90,120,23440
20221102,13:59:44,66.00,440,23440
20221102,14:00:02,67.00,40,23440
20221102,14:00:17,67.10,40,23440
20221102,14:00:27,67.10,80,23880
20221102,14:00:32,68.00,400,23880
20221102,14:00:37,67.90,80,23880
20221102,14:00:41,67.75,40,23880
20221102,14:00:46,69.00,400,23880
20221102,14:00:55,70.00,120,23880
20221102,14:01:10,69.30,40,23880
20221102,14:01:16,69.05,120,23880
20221102,14:01:22,69.05,80,23880
20221102,14:01:32,67.50,360,23880
20221102,14:01:37,67.55,200,23880
20221102,14:01:47,68.40,80,23880
20221102,14:01:52,68.20,480,23880
20221102,14:01:57,67.80,120,23880
20221102,14:02:11,67.95,120,23880
20221102,14:02:25,66.75,80,23880
20221102,14:03:02,65.85,80,23880
20221102,14:03:17,66.20,40,23880
20221102,14:03:26,64.70,280,24560
20221102,14:03:58,66.30,320,24560
20221102,14:04:17,67.10,1400,24560
20221102,14:04:31,67.65,1400,24560
20221102,14:04:45,67.90,400,24560
20221102,14:04:50,68.25,800,24560
20221102,14:04:55,68.90,200,24560
20221102,14:04:59,68.50,440,24560
20221102,14:05:04,68.25,80,24560
20221102,14:05:09,67.70,160,24560
20221102,14:05:28,68.05,40,24560
20221102,14:05:32,68.10,240,24560
20221102,14:05:41,68.75,80,24560
20221102,14:05:50,67.35,200,24560
20221102,14:05:54,68.90,320,24560
20221102,14:06:15,67.60,40,24560
20221102,14:06:19,68.20,40,28400
20221102,14:06:42,68.20,40,28400
20221102,14:06:47,67.55,400,28400
20221102,14:06:51,68.00,40,28400
20221102,14:07:05,68.70,80,28400
20221102,14:07:36,68.15,40,28400
20221102,14:07:45,67.95,200,28400
20221102,14:08:04,69.00,80,28400
20221102,14:08:08,69.15,200,28400
20221102,14:08:22,68.40,40,28400
20221102,14:08:26,68.65,120,28400
20221102,14:08:31,68.70,80,28400
20221102,14:08:44,69.60,80,28400
20221102,14:09:17,69.00,40,28400
20221102,14:09:31,69.00,80,28520
20221102,14:09:58,69.00,80,28520
20221102,14:10:07,69.00,40,28520
20221102,14:10:12,69.00,80,28520
20221102,14:10:17,68.95,80,28520
20221102,14:10:45,68.10,40,28520
20221102,14:10:49,68.00,40,28520
20221102,14:10:54,68.25,80,28520
20221102,14:11:21,67.30,200,28520
20221102,14:11:25,67.35,160,28520
20221102,14:11:46,68.00,240,28520
20221102,14:12:27,68.00,1400,28960
20221102,14:12:37,67.75,40,28960
20221102,14:12:42,67.55,120,28960
20221102,14:12:47,67.75,40,28960
20221102,14:13:30,68.30,360,28960
20221102,14:13:34,67.50,80,28960
20221102,14:13:43,66.95,40,28960
20221102,14:13:48,67.35,120,28960
20221102,14:13:53,67.35,80,28960
20221102,14:13:57,67.35,480,28960
20221102,14:14:25,67.85,80,28960
20221102,14:15:20,67.25,480,28880
20221102,14:15:29,67.55,80,28880
20221102,14:15:52,67.20,40,28880
20221102,14:16:05,67.95,40,28880
20221102,14:16:14,68.25,120,28880
20221102,14:16:19,67.65,80,28880
20221102,14:16:23,68.25,80,28880
20221102,14:16:36,68.25,120,28880
20221102,14:16:40,68.30,360,28880
20221102,14:16:53,67.70,40,28880
20221102,14:17:06,68.25,80,28880
20221102,14:17:10,68.30,120,28880
20221102,14:17:27,68.30,40,28880
20221102,14:17:44,67.55,40,28880
20221102,14:17:48,68.05,120,28880
20221102,14:17:53,68.05,160,28880
20221102,14:18:01,68.05,80,28880
20221102,14:18:13,67.45,40,28880
20221102,14:18:26,67.15,1320,28680
20221102,14:18:30,67.00,40,28680
20221102,14:18:39,66.25,40,28680
20221102,14:18:49,65.85,400,28680
20221102,14:18:59,65.55,280,28680
20221102,14:19:04,66.40,40,28680
20221102,14:19:54,65.45,40,28680
20221102,14:20:02,65.30,120,28680
20221102,14:20:07,64.60,680,28680
20221102,14:20:30,65.00,40,28680
20221102,14:20:35,65.00,40,28680
20221102,14:20:50,64.30,40,28680
20221102,14:21:00,64.30,40,28680
20221102,14:21:04,64.30,40,28680
20221102,14:21:33,63.60,40,27880
20221102,14:21:42,63.10,80,27880
20221102,14:22:05,63.10,40,27880
20221102,14:22:37,63.30,40,27880
20221102,14:22:46,64.60,120,27880
20221102,14:23:20,66.60,320,27880
20221102,14:23:25,66.60,160,27880
20221102,14:23:30,67.95,40,27880
20221102,14:23:35,68.00,600,27880
20221102,14:23:40,68.15,120,27880
20221102,14:24:13,68.55,120,27880
20221102,14:24:27,68.35,40,28040
20221102,14:24:37,68.00,80,28040
20221102,14:25:06,67.85,40,28040
20221102,14:25:33,67.50,40,28040
20221102,14:26:45,66.90,200,28040
20221102,14:27:15,67.20,240,28040
20221102,14:27:25,67.10,560,27920
20221102,14:27:30,68.00,40,27920
20221102,14:27:34,68.05,120,27920
20221102,14:27:39,67.65,120,27920
20221102,14:27:48,67.35,720,27920
20221102,14:28:06,67.95,120,27920
20221102,14:28:10,68.40,1400,27920
20221102,14:28:18,67.90,40,27920
20221102,14:28:23,68.00,400,27920
20221102,14:28:56,68.00,40,27920
20221102,14:29:46,67.00,40,27920
20221102,14:30:07,66.80,160,27920
20221102,14:30:35,64.60,520,28360
20221102,14:30:40,64.20,80,28360
20221102,14:30:44,63.75,320,28360
20221102,14:31:15,64.15,40,28360
20221102,14:31:20,64.00,40,28360
20221102,14:31:24,64.75,280,28360
20221102,14:31:29,64.80,80,28360
20221102,14:31:33,65.00,80,28360
20221102,14:31:51,65.00,40,28360
20221102,14:31:59,65.00,240,28360
20221102,14:32:03,65.25,160,28360
20221102,14:32:22,63.90,40,28360
20221102,14:32:27,64.25,80,28360
20221102,14:33:39,66.55,40,28680
20221102,14:33:49,65.55,360,28680
20221102,14:34:06,66.80,160,28680
20221102,14:34:10,66.45,40,28680
20221102,14:34:52,64.65,40,28680
20221102,14:35:00,65.00,200,28680
20221102,14:35:18,65.00,200,28680
20221102,14:35:27,64.55,40,28680
20221102,14:35:40,65.10,80,28680
20221102,14:36:20,64.90,40,28680
20221102,14:36:38,65.50,1040,28400
20221102,14:36:42,65.70,80,28400
20221102,14:36:51,66.00,40,28400
20221102,14:37:08,65.90,40,28400
20221102,14:37:18,66.90,640,28400
20221102,14:37:22,67.70,200,28400
20221102,14:37:40,67.50,40,28400
20221102,14:38:01,67.20,120,28400
20221102,14:38:05,68.00,40,28400
20221102,14:38:10,68.05,520,28400
20221102,14:38:19,68.10,120,28400
20221102,14:38:47,68.45,80,28400
20221102,14:38:56,69.00,960,28400
20221102,14:38:57,67.65,480,28400
20221102,14:39:17,67.50,40,28400
20221102,14:39:34,67.25,80,28840
20221102,14:39:38,67.00,40,28840
20221102,14:39:39,66.65,40,28840
20221102,14:39:43,66.20,40,28840
20221102,14:39:52,67.00,80,28840
20221102,14:40:01,66.50,40,28840
20221102,14:40:23,67.35,120,28840
20221102,14:40:30,67.55,80,28840
20221102,14:40:47,67.85,80,28840
20221102,14:41:42,67.65,160,28840
20221102,14:42:29,67.55,240,28800
20221102,14:42:32,68.15,40,28800
20221102,14:42:49,67.95,160,28800
20221102,14:42:58,68.00,40,28800
20221102,14:43:02,68.40,80,28800
20221102,14:43:11,68.15,120,28800
20221102,14:43:40,68.45,40,28800
20221102,14:44:05,68.30,40,28800
20221102,14:44:06,68.90,40,28800
20221102,14:44:16,68.90,400,28800
20221102,14:44:36,69.30,600,28800
20221102,14:44:44,69.60,400,28800
20221102,14:45:06,69.60,40,28800
20221102,14:45:10,69.60,160,28800
20221102,14:45:19,71.00,40,28800
20221102,14:45:33,72.00,360,28280
20221102,14:46:14,71.10,240,28280
20221102,14:46:23,70.85,240,28280
20221102,14:46:37,70.50,240,28280
20221102,14:46:49,70.35,120,28280
20221102,14:47:10,70.25,80,28280
20221102,14:47:14,70.75,160,28280
20221102,14:47:23,69.90,80,28280
20221102,14:47:32,68.15,240,28280
20221102,14:47:34,67.55,200,28280
20221102,14:47:41,67.90,80,28280
20221102,14:47:59,69.80,40,28280
20221102,14:48:00,69.80,480,28280
20221102,14:48:01,69.40,160,28280
20221102,14:48:03,69.50,200,28280
20221102,14:48:24,69.50,40,28280
20221102,14:48:51,70.15,40,28520
20221102,14:48:56,69.75,160,28520
20221102,14:49:08,69.50,80,28520
20221102,14:49:11,69.85,80,28520
20221102,14:49:13,69.95,160,28520
20221102,14:49:15,69.90,80,28520
20221102,14:49:27,70.80,160,28520
20221102,14:49:41,71.00,1040,28520
20221102,14:49:46,71.55,80,28520
20221102,14:49:50,71.30,40,28520
20221102,14:50:07,71.25,400,28520
20221102,14:50:17,70.35,320,28520
20221102,14:50:22,69.90,240,28520
20221102,14:51:28,70.30,40,29400
20221102,14:51:48,70.95,80,29400
20221102,14:52:23,70.10,80,29400
20221102,14:53:07,70.00,40,29400
20221102,14:53:46,70.00,40,29400
20221102,14:53:59,70.05,400,29400
20221102,14:54:21,71.00,160,29400
20221102,14:54:25,70.00,80,29400
20221102,14:54:51,69.50,40,29400
20221102,14:54:55,70.20,40,29400
20221102,14:55:00,70.00,600,29400
20221102,14:55:20,69.50,40,29400
20221102,14:56:07,70.00,560,29400
20221102,14:56:17,70.90,80,29400
20221102,14:56:21,70.90,520,29400
20221102,14:56:30,71.35,40,29400
20221102,14:56:34,71.75,40,29400
20221102,14:58:07,69.30,120,30520
20221102,14:58:16,70.15,40,30520
20221102,14:58:20,70.20,200,30520
20221102,14:58:50,70.25,200,30520
20221102,14:58:55,70.00,240,30520
20221102,14:59:13,68.65,200,30520
20221102,14:59:27,68.65,40,30520
20221102,14:59:32,68.90,40,30520
20221102,14:59:36,69.00,40,30520
20221102,14:59:41,69.00,160,30520
20221102,14:59:46,67.25,80,30520
20221102,14:59:51,67.25,40,30520
20221102,14:59:56,67.10,40,30520
20221102,15:00:01,68.80,40,30520
20221102,15:00:06,67.00,920,30520
20221102,15:00:11,65.25,360,30520
20221102,15:00:17,62.90,240,30520
20221102,15:00:22,61.60,400,30520
20221102,15:00:28,62.00,120,30520
20221102,15:00:33,61.05,200,30240
20221102,15:00:38,59.00,400,30240
20221102,15:00:59,59.25,40,30240
20221102,15:01:04,61.00,680,30240
20221102,15:01:09,62.10,400,30240
20221102,15:01:15,62.20,480,30240
20221102,15:01:25,62.25,80,30240
20221102,15:01:30,62.25,200,30240
20221102,15:01:35,62.75,1000,30240
20221102,15:01:40,61.75,160,30240
20221102,15:01:49,62.85,200,30240
20221102,15:02:14,64.45,120,30240
20221102,15:02:29,63.75,1000,30240
20221102,15:02:39,64.65,80,30240
20221102,15:02:49,65.15,400,30240
20221102,15:03:08,64.30,280,30240
20221102,15:03:40,64.90,40,29640
20221102,15:03:45,64.35,40,29640
20221102,15:03:50,63.60,40,29640
20221102,15:04:37,63.90,80,29640
20221102,15:04:52,64.35,40,29640
20221102,15:05:07,63.00,40,29640
20221102,15:05:39,64.35,40,29640
20221102,15:06:19,64.35,40,29640
20221102,15:06:36,65.75,40,29640
20221102,15:06:41,65.00,520,29600
20221102,15:06:50,64.75,240,29600
20221102,15:07:04,66.10,160,29600
20221102,15:07:09,65.25,40,29600
20221102,15:07:14,64.85,80,29600
20221102,15:08:00,65.10,80,29600
20221102,15:08:19,65.45,120,29600
20221102,15:08:28,66.05,1000,29600
20221102,15:08:54,65.65,120,29600
20221102,15:08:59,65.80,40,29600
20221102,15:09:27,65.65,400,29600
20221102,15:10:04,64.85,160,29680
20221102,15:10:32,64.75,80,29680
20221102,15:10:45,64.75,40,29680
20221102,15:10:54,64.55,80,29680
20221102,15:11:03,65.40,120,29680
20221102,15:11:25,65.70,160,29680
20221102,15:11:29,66.15,400,29680
20221102,15:11:33,65.95,120,29680
20221102,15:11:41,65.05,120,29680
20221102,15:11:46,65.60,480,29680
20221102,15:11:59,65.10,80,29680
20221102,15:12:53,66.20,680,30160
20221102,15:12:57,66.35,280,30160
20221102,15:13:02,66.50,120,30160
20221102,15:13:06,66.50,440,30160
20221102,15:13:10,66.75,240,30160
20221102,15:13:15,66.00,680,30160
20221102,15:13:19,66.05,160,30160
20221102,15:13:31,66.00,80,30160
20221102,15:13:36,65.85,160,30160
20221102,15:13:40,65.75,80,30160
20221102,15:13:44,66.25,40,30160
20221102,15:14:01,66.60,80,30160
20221102,15:14:05,66.50,80,30160
20221102,15:14:10,66.00,400,30160
20221102,15:14:14,66.55,80,30160
20221102,15:14:26,66.25,200,30160
20221102,15:14:43,67.20,40,30160
20221102,15:14:48,68.00,80,30160
20221102,15:14:52,68.35,720,30160
20221102,15:15:14,68.30,80,30160
20221102,15:15:29,68.30,80,30080
20221102,15:15:34,67.85,120,30080
20221102,15:15:39,68.70,440,30080
20221102,15:15:43,68.90,40,30080
20221102,15:15:48,68.80,40,30080
20221102,15:15:52,68.95,40,30080
20221102,15:16:02,69.00,640,30080
20221102,15:16:07,69.40,480,30080
20221102,15:16:11,70.00,80,30080
20221102,15:16:42,68.70,40,30080
20221102,15:16:46,68.05,80,30080
20221102,15:16:50,67.90,40,30080
20221102,15:17:25,68.40,120,30080
20221102,15:17:50,68.80,80,30080
20221102,15:17:55,68.80,80,30080
20221102,15:18:09,68.00,200,30080
20221102,15:18:13,68.05,40,30080
20221102,15:18:39,68.05,40,30560
20221102,15:19:03,68.55,160,30560
20221102,15:19:29,68.55,120,30560
20221102,15:19:35,68.75,40,30560
20221102,15:19:44,68.95,40,30560
20221102,15:19:49,68.95,120,30560
20221102,15:19:53,69.05,120,30560
20221102,15:19:58,69.10,40,30560
20221102,15:20:07,68.35,200,30560
20221102,15:20:11,68.90,40,30560
20221102,15:20:16,68.35,80,30560
20221102,15:20:25,69.40,80,30560
20221102,15:20:40,67.80,80,30560
20221102,15:20:45,67.25,80,30560
20221102,15:20:55,68.80,320,30560
20221102,15:21:00,68.05,80,30560
20221102,15:21:04,68.05,160,30560
20221102,15:21:08,68.05,1280,30560
20221102,15:21:17,68.15,320,30560
20221102,15:21:22,68.30,40,30560
20221102,15:21:31,68.30,320,30560
20221102,15:21:35,68.40,120,28360
20221102,15:21:40,68.15,40,28360
20221102,15:21:44,68.05,80,28360
20221102,15:21:45,68.60,80,28360
20221102,15:21:48,69.00,40,28360
20221102,15:21:50,68.60,40,28360
20221102,15:21:52,68.60,160,28360
20221102,15:21:59,68.60,80,28360
20221102,15:22:20,68.95,240,28360
20221102,15:22:24,68.60,80,28360
20221102,15:22:28,69.00,80,28360
20221102,15:22:48,69.75,80,28360
20221102,15:22:52,69.70,40,28360
20221102,15:22:56,69.25,80,28360
20221102,15:23:01,69.95,80,28360
20221102,15:23:14,70.00,720,28360
20221102,15:23:19,70.60,720,28360
20221102,15:23:28,71.35,840,28360
20221102,15:23:33,71.35,40,28360
20221102,15:23:38,71.60,40,28360
20221102,15:23:43,71.40,40,28360
20221102,15:23:47,71.80,160,28360
20221102,15:23:52,71.35,160,28360
20221102,15:23:56,71.35,280,28360
20221102,15:24:01,71.35,40,28360
20221102,15:24:15,71.30,1400,28360
20221102,15:24:19,71.30,40,28360
20221102,15:24:23,71.30,320,28360
20221102,15:24:28,71.30,40,28360
20221102,15:24:32,71.30,80,28640
20221102,15:24:41,71.30,400,28640
20221102,15:24:45,69.80,960,28640
20221102,15:24:49,71.10,40,28640
20221102,15:24:54,70.30,160,28640
20221102,15:25:03,71.10,40,28640
20221102,15:25:07,71.00,120,28640
20221102,15:25:12,71.00,40,28640
20221102,15:25:16,70.75,40,28640
20221102,15:25:21,70.60,120,28640
20221102,15:25:27,70.60,160,28640
20221102,15:25:32,70.70,120,28640
20221102,15:25:41,70.00,120,28640
20221102,15:25:50,70.05,40,28640
20221102,15:25:55,71.00,120,28640
20221102,15:26:05,70.45,1320,28640
20221102,15:26:14,70.60,200,28640
20221102,15:26:18,70.70,400,28640
20221102,15:26:23,71.90,760,28640
20221102,15:26:28,70.70,600,28640
20221102,15:26:33,71.00,240,28640
20221102,15:26:38,70.85,40,28640
20221102,15:27:00,71.50,40,28640
20221102,15:27:01,71.30,80,28640
20221102,15:27:06,70.65,40,28640
20221102,15:27:11,70.55,80,28640
20221102,15:27:14,71.50,80,28640
20221102,15:27:24,71.00,40,28640
20221102,15:27:25,70.55,120,28640
20221102,15:27:26,71.20,80,28640
20221102,15:27:31,70.45,360,28640
20221102,15:27:32,70.50,40,28120
20221102,15:27:33,70.50,40,28120
20221102,15:27:43,70.00,160,28120
20221102,15:27:48,70.00,40,28120
20221102,15:27:57,70.00,480,28120
20221102,15:28:02,72.95,6960,28120
20221102,15:28:08,68.30,840,28120
20221102,15:28:13,72.30,320,28120
20221102,15:28:18,66.30,240,28120
20221102,15:28:23,67.65,160,28120
20221102,15:28:28,69.80,320,28120
20221102,15:28:33,71.45,200,28120
20221102,15:28:37,71.70,280,28120
20221102,15:28:39,71.70,120,28120
20221102,15:28:41,71.65,120,28120
20221102,15:28:42,72.00,200,28120
20221102,15:28:49,72.20,40,28120
20221102,15:28:50,72.45,80,28120
20221102,15:28:51,72.55,80,28120
20221102,15:28:55,70.00,40,28120
20221102,15:28:56,71.55,120,28120
20221102,15:29:02,71.60,280,28120
20221102,15:29:05,71.50,40,28120
20221102,15:29:09,71.85,240,28120
20221102,15:29:10,71.75,40,28120
20221102,15:29:11,69.25,160,28120
20221102,15:29:13,69.25,240,28120
20221102,15:29:14,71.60,200,28120
20221102,15:29:15,71.30,80,28120
20221102,15:29:16,71.70,80,28120
20221102,15:29:17,71.70,120,28120
20221102,15:29:23,71.75,160,28120
20221102,15:29:25,70.05,200,28120
20221102,15:29:26,68.90,40,28120
20221102,15:29:27,71.95,120,28120
20221102,15:29:28,71.60,40,28120
20221102,15:29:30,70.30,40,28120
20221102,15:29:32,72.00,640,28120
20221102,15:29:33,71.00,160,28120
20221102,15:29:35,70.85,40,28120
20221102,15:29:40,71.85,120,28120
20221102,15:29:41,72.00,360,28120
20221102,15:29:45,72.00,320,28120
20221102,15:29:46,70.45,40,28120
20221102,15:29:51,74.30,400,28120
20221102,15:29:55,75.00,120,28120
20221102,15:29:56,70.85,40,28120
