20221123,09:15:07,26.65,1,270050
20221123,09:15:07,26.65,100,270050
20221123,09:15:33,27.95,50,270050
20221123,09:15:45,28.70,250,270050
20221123,09:15:49,28.70,50,270050
20221123,09:15:57,28.85,200,270050
20221123,09:16:01,27.45,350,270050
20221123,09:16:06,28.10,250,270050
20221123,09:16:10,27.15,1000,270050
20221123,09:16:32,28.35,50,270050
20221123,09:16:51,27.80,300,270050
20221123,09:16:59,27.60,1050,270050
20221123,09:17:11,27.80,200,270050
20221123,09:17:15,27.25,500,270050
20221123,09:17:22,27.80,300,270050
20221123,09:17:26,27.40,500,270050
20221123,09:17:30,27.40,200,271600
20221123,09:17:34,26.75,2000,271600
20221123,09:17:38,27.20,500,271600
20221123,09:17:42,27.40,50,271600
20221123,09:17:46,26.90,750,271600
20221123,09:17:50,26.20,2600,271600
20221123,09:17:54,27.20,1250,271600
20221123,09:18:05,26.65,300,271600
20221123,09:18:09,27.05,2100,271600
20221123,09:18:13,26.20,1850,271600
20221123,09:18:17,26.50,150,271600
20221123,09:18:20,26.15,1950,271600
20221123,09:18:32,26.15,650,271600
20221123,09:18:40,26.70,500,271600
20221123,09:18:49,26.70,250,271600
20221123,09:18:53,26.65,700,271600
20221123,09:18:57,26.50,400,271600
20221123,09:19:06,26.50,650,271600
20221123,09:19:10,25.95,1950,271600
20221123,09:19:18,25.95,200,271600
20221123,09:19:22,25.75,2000,271600
20221123,09:19:30,26.60,50,271600
20221123,09:19:39,26.65,300,271600
20221123,09:19:40,26.60,1850,271600
20221123,09:19:41,26.45,1900,271600
20221123,09:19:58,26.10,800,271600
20221123,09:20:00,26.80,150,271600
20221123,09:20:01,26.10,500,271600
20221123,09:20:06,26.60,50,271600
20221123,09:20:07,26.50,200,271600
20221123,09:20:13,26.40,450,271600
20221123,09:20:16,26.60,50,271600
20221123,09:20:24,26.90,1800,271600
20221123,09:20:33,26.50,1800,271600
20221123,09:20:37,26.60,50,270700
20221123,09:20:39,26.60,100,270700
20221123,09:20:49,26.40,400,270700
20221123,09:20:51,26.40,150,270700
20221123,09:20:53,26.55,100,270700
20221123,09:21:00,26.15,1900,270700
20221123,09:21:03,26.45,300,270700
20221123,09:21:06,26.15,50,270700
20221123,09:21:08,26.45,100,270700
20221123,09:21:09,26.20,400,270700
20221123,09:21:10,26.25,350,270700
20221123,09:21:13,26.25,250,270700
20221123,09:21:15,26.20,300,270700
20221123,09:21:16,26.20,150,270700
20221123,09:21:17,26.15,50,270700
20221123,09:21:20,26.10,200,270700
20221123,09:21:21,26.20,300,270700
20221123,09:21:24,26.00,700,270700
20221123,09:21:25,26.00,200,270700
20221123,09:21:29,26.00,50,270700
20221123,09:21:33,26.20,100,270700
20221123,09:21:37,26.15,50,270700
20221123,09:21:41,26.15,50,270700
20221123,09:21:46,26.25,350,270700
20221123,09:21:50,26.35,200,270700
20221123,09:21:54,26.30,200,270700
20221123,09:21:58,26.35,250,270700
20221123,09:22:02,26.35,2400,270700
20221123,09:22:06,26.30,300,270700
20221123,09:22:10,26.20,1150,270700
20221123,09:22:15,26.15,800,270700
20221123,09:22:19,25.70,2950,270700
20221123,09:22:23,26.15,300,270700
20221123,09:22:27,25.85,150,270700
20221123,09:22:36,26.15,250,270700
20221123,09:23:04,25.20,300,270700
20221123,09:23:08,25.55,100,270700
20221123,09:23:17,25.50,150,270700
20221123,09:23:34,25.55,1950,271150
20221123,09:23:38,25.30,1000,271150
20221123,09:23:42,25.60,100,271150
20221123,09:23:46,25.40,600,271150
20221123,09:23:50,25.40,50,271150
20221123,09:23:54,25.55,350,271150
20221123,09:24:05,25.50,300,271150
20221123,09:24:09,25.40,1050,271150
20221123,09:24:13,25.55,1300,271150
20221123,09:24:21,25.60,150,271150
20221123,09:24:33,25.75,50,271150
20221123,09:24:35,25.75,100,271150
20221123,09:24:36,25.65,250,271150
20221123,09:24:42,25.60,150,271150
20221123,09:24:47,25.60,1500,271150
20221123,09:24:48,25.60,200,271150
20221123,09:24:54,25.60,350,271150
20221123,09:24:56,25.60,150,271150
20221123,09:24:58,25.40,100,271150
20221123,09:25:16,25.35,500,271150
20221123,09:25:18,25.35,550,271150
20221123,09:25:19,25.40,1450,271150
20221123,09:25:48,25.55,100,271150
20221123,09:25:56,25.55,100,271150
20221123,09:26:00,25.70,600,271150
20221123,09:26:12,25.35,250,271150
20221123,09:26:24,25.65,300,271150
20221123,09:26:33,25.70,150,274200
20221123,09:26:37,25.70,100,274200
20221123,09:26:41,25.55,250,274200
20221123,09:26:45,25.65,2250,274200
20221123,09:26:49,25.60,400,274200
20221123,09:26:53,25.65,200,274200
20221123,09:26:57,25.65,250,274200
20221123,09:27:01,25.65,100,274200
20221123,09:27:05,25.60,400,274200
20221123,09:27:09,25.60,350,274200
20221123,09:27:13,25.60,1950,274200
20221123,09:27:17,25.60,1300,274200
20221123,09:27:25,25.30,2300,274200
20221123,09:27:29,25.60,150,274200
20221123,09:27:33,25.10,2100,274200
20221123,09:27:37,25.05,1950,274200
20221123,09:27:41,25.20,750,274200
20221123,09:27:45,25.25,1800,274200
20221123,09:27:53,25.20,50,274200
20221123,09:27:58,25.00,2300,274200
20221123,09:28:02,25.25,150,274200
20221123,09:28:06,25.25,150,274200
20221123,09:28:10,25.30,150,274200
20221123,09:28:18,24.95,500,274200
20221123,09:28:22,24.95,300,274200
20221123,09:28:26,25.25,50,274200
20221123,09:28:30,24.80,3100,274200
20221123,09:28:34,24.85,100,274200
20221123,09:28:37,24.85,350,274200
20221123,09:28:41,24.85,600,274200
20221123,09:28:45,25.00,100,274200
20221123,09:28:53,25.00,800,274200
20221123,09:28:56,25.05,150,274200
20221123,09:29:00,25.00,100,274200
20221123,09:29:04,25.05,1250,274200
20221123,09:29:08,25.05,700,274200
20221123,09:29:12,25.15,50,274200
20221123,09:29:16,25.15,150,274200
20221123,09:29:19,25.10,150,274200
20221123,09:29:31,25.15,50,274200
20221123,09:29:35,24.95,650,283000
20221123,09:29:39,25.10,250,283000
20221123,09:29:43,24.90,600,283000
20221123,09:29:47,25.10,150,283000
20221123,09:29:55,25.15,850,283000
20221123,09:29:59,25.15,250,283000
20221123,09:30:04,25.20,900,283000
20221123,09:30:08,25.05,750,283000
20221123,09:30:19,25.15,350,283000
20221123,09:30:23,25.15,200,283000
20221123,09:30:27,25.20,350,283000
20221123,09:30:31,25.15,1500,283000
20221123,09:30:33,25.20,650,283000
20221123,09:30:34,25.30,500,283000
20221123,09:30:37,25.30,100,283000
20221123,09:30:43,25.10,50,283000
20221123,09:30:52,25.10,50,283000
20221123,09:31:00,25.25,100,283000
20221123,09:31:01,25.25,150,283000
20221123,09:31:02,25.15,350,283000
20221123,09:31:03,25.25,50,283000
20221123,09:31:04,25.35,200,283000
20221123,09:31:05,25.35,250,283000
20221123,09:31:06,25.35,150,283000
20221123,09:31:07,25.30,500,283000
20221123,09:31:08,25.30,100,283000
20221123,09:31:09,25.30,50,283000
20221123,09:31:10,24.95,400,283000
20221123,09:31:11,25.00,1650,283000
20221123,09:31:12,25.05,350,283000
20221123,09:31:13,25.10,50,283000
20221123,09:31:14,25.10,400,283000
20221123,09:31:15,24.95,500,283000
20221123,09:31:42,25.30,50,283000
20221123,09:31:44,25.30,50,283000
20221123,09:32:05,25.40,50,283000
20221123,09:32:06,25.50,50,283000
20221123,09:32:07,25.40,50,283000
20221123,09:32:08,25.45,200,283000
20221123,09:32:10,25.40,50,283000
20221123,09:32:23,25.45,500,283000
20221123,09:32:35,25.70,500,286450
20221123,09:32:41,25.70,100,286450
20221123,09:32:48,25.70,200,286450
20221123,09:32:49,25.55,500,286450
20221123,09:32:51,25.60,50,286450
20221123,09:32:52,25.65,1100,286450
20221123,09:32:54,25.70,150,286450
20221123,09:32:55,25.55,100,286450
20221123,09:32:59,25.85,550,286450
20221123,09:33:01,25.90,50,286450
20221123,09:33:08,25.90,200,286450
20221123,09:33:40,25.90,150,286450
20221123,09:33:45,25.80,1500,286450
20221123,09:33:46,26.00,400,286450
20221123,09:33:47,26.10,100,286450
20221123,09:33:48,26.05,50,286450
20221123,09:33:49,26.20,350,286450
20221123,09:33:50,26.25,100,286450
20221123,09:33:51,26.35,350,286450
20221123,09:33:53,26.50,50,286450
20221123,09:33:55,26.45,250,286450
20221123,09:33:56,26.35,450,286450
20221123,09:33:58,26.05,300,286450
20221123,09:34:05,26.05,100,286450
20221123,09:34:08,26.25,400,286450
20221123,09:34:23,26.15,50,286450
20221123,09:34:28,26.20,50,286450
20221123,09:34:44,26.40,1500,286450
20221123,09:34:53,26.50,50,286450
20221123,09:34:57,26.80,200,286450
20221123,09:34:59,26.90,1000,286450
20221123,09:35:14,26.55,1800,286450
20221123,09:35:27,26.70,300,286450
20221123,09:35:31,26.80,750,290650
20221123,09:35:32,26.85,1450,290650
20221123,09:35:38,26.70,50,290650
20221123,09:35:42,27.15,500,290650
20221123,09:35:46,27.15,200,290650
20221123,09:35:50,27.15,350,290650
20221123,09:35:54,27.15,350,290650
20221123,09:35:58,27.10,400,290650
20221123,09:36:01,26.80,550,290650
20221123,09:36:19,26.95,500,290650
20221123,09:36:38,26.65,600,290650
20221123,09:37:15,26.70,150,290650
20221123,09:37:19,27.10,1850,290650
20221123,09:37:32,27.05,400,290650
20221123,09:37:36,27.00,250,290650
20221123,09:37:57,26.75,250,290650
20221123,09:38:01,26.70,150,290650
20221123,09:38:05,26.70,200,290650
20221123,09:38:10,26.80,500,290650
20221123,09:38:13,26.70,150,290650
20221123,09:38:18,26.65,350,290650
20221123,09:38:21,26.70,100,290650
20221123,09:38:29,26.40,450,290650
20221123,09:38:32,26.70,650,291450
20221123,09:38:51,26.40,650,291450
20221123,09:38:55,26.45,600,291450
20221123,09:39:09,26.35,250,291450
20221123,09:39:13,26.55,100,291450
20221123,09:39:17,26.35,300,291450
20221123,09:39:21,26.35,100,291450
20221123,09:39:34,26.30,50,291450
20221123,09:40:00,26.25,100,291450
20221123,09:40:04,26.60,100,291450
20221123,09:40:20,26.35,100,291450
20221123,09:40:24,26.25,50,291450
20221123,09:40:39,26.20,350,291450
20221123,09:40:43,26.60,1000,291450
20221123,09:40:52,26.55,1700,291450
20221123,09:41:10,26.30,200,291450
20221123,09:41:15,26.30,800,291450
20221123,09:41:31,26.45,150,291450
20221123,09:41:38,26.25,100,294050
20221123,09:41:41,26.30,50,294050
20221123,09:41:42,26.25,500,294050
20221123,09:41:46,26.55,100,294050
20221123,09:41:57,26.55,50,294050
20221123,09:42:06,26.35,500,294050
20221123,09:42:18,26.35,150,294050
20221123,09:42:20,26.25,300,294050
20221123,09:42:21,26.20,250,294050
20221123,09:42:23,26.20,100,294050
20221123,09:42:29,26.20,100,294050
20221123,09:42:30,26.20,300,294050
20221123,09:42:32,26.30,50,294050
20221123,09:42:36,26.20,100,294050
20221123,09:42:38,26.55,100,294050
20221123,09:42:39,26.50,150,294050
20221123,09:42:43,26.55,200,294050
20221123,09:42:45,26.60,100,294050
20221123,09:42:47,26.70,100,294050
20221123,09:42:58,26.40,100,294050
20221123,09:43:05,26.15,100,294050
20221123,09:43:12,26.35,50,294050
20221123,09:43:33,26.35,50,294050
20221123,09:43:36,26.05,1800,294050
20221123,09:43:38,26.40,100,294050
20221123,09:43:40,26.40,50,294050
20221123,09:43:41,26.30,500,294050
20221123,09:43:46,26.45,350,294050
20221123,09:43:54,26.35,50,294050
20221123,09:43:55,26.30,500,294050
20221123,09:43:57,26.30,150,294050
20221123,09:43:58,26.35,200,294050
20221123,09:44:03,26.30,50,294050
20221123,09:44:06,26.40,200,294050
20221123,09:44:07,26.40,150,294050
20221123,09:44:08,26.40,200,294050
20221123,09:44:09,26.40,50,294050
20221123,09:44:16,26.50,300,294050
20221123,09:44:18,26.30,50,294050
20221123,09:44:19,26.30,1800,294050
20221123,09:44:21,26.40,1800,294050
20221123,09:44:22,26.40,1800,294050
20221123,09:44:23,26.55,500,294050
20221123,09:44:25,26.55,50,294050
20221123,09:44:28,26.40,450,294050
20221123,09:44:37,26.40,50,301800
20221123,09:44:39,26.40,100,301800
20221123,09:44:42,26.40,200,301800
20221123,09:44:43,26.40,50,301800
20221123,09:44:59,26.40,650,301800
20221123,09:45:00,26.45,200,301800
20221123,09:45:02,26.50,650,301800
20221123,09:45:03,26.50,300,301800
20221123,09:45:05,26.50,100,301800
20221123,09:45:20,26.05,200,301800
20221123,09:45:21,26.25,150,301800
20221123,09:45:23,26.05,1000,301800
20221123,09:45:28,26.05,300,301800
20221123,09:45:29,26.25,200,301800
20221123,09:45:34,26.20,500,301800
20221123,09:45:42,26.35,750,301800
20221123,09:45:46,26.05,500,301800
20221123,09:45:50,26.15,200,301800
20221123,09:45:54,26.15,750,301800
20221123,09:46:25,25.95,50,301800
20221123,09:46:29,25.80,700,301800
20221123,09:46:34,26.00,500,301800
20221123,09:46:38,26.00,250,301800
20221123,09:46:47,26.10,200,301800
20221123,09:46:55,25.85,500,301800
20221123,09:46:59,26.00,200,301800
20221123,09:47:12,25.80,150,301800
20221123,09:47:17,25.85,350,301800
20221123,09:47:21,25.80,250,301800
20221123,09:47:25,25.85,200,301800
20221123,09:47:29,25.80,700,301800
20221123,09:47:33,25.80,100,301800
20221123,09:47:37,25.75,400,299450
20221123,09:47:45,25.90,350,299450
20221123,09:47:49,25.85,50,299450
20221123,09:47:53,25.70,200,299450
20221123,09:47:57,25.65,50,299450
20221123,09:48:01,25.70,400,299450
20221123,09:48:10,25.70,200,299450
20221123,09:48:19,25.80,50,299450
20221123,09:48:23,25.80,200,299450
20221123,09:48:28,25.85,450,299450
20221123,09:48:32,25.90,350,299450
20221123,09:48:40,25.85,200,299450
20221123,09:48:48,26.00,500,299450
20221123,09:49:12,26.00,100,299450
20221123,09:49:24,26.10,700,299450
20221123,09:49:32,25.95,100,299450
20221123,09:50:04,25.85,500,299450
20221123,09:50:16,25.80,500,299450
20221123,09:50:33,26.00,200,299450
20221123,09:50:45,25.95,50,300100
20221123,09:50:50,25.80,50,300100
20221123,09:50:54,26.05,250,300100
20221123,09:50:58,26.05,150,300100
20221123,09:51:02,25.95,100,300100
20221123,09:51:12,26.05,400,300100
20221123,09:51:59,26.05,150,300100
20221123,09:52:08,26.05,50,300100
20221123,09:52:12,26.15,100,300100
20221123,09:52:24,26.00,200,300100
20221123,09:52:28,26.00,150,300100
20221123,09:52:51,25.95,400,300100
20221123,09:53:06,25.55,250,300100
20221123,09:53:10,25.65,50,300100
20221123,09:53:14,25.40,300,300100
20221123,09:53:18,25.60,150,300100
20221123,09:53:38,25.60,50,300650
20221123,09:53:54,25.65,450,300650
20221123,09:53:58,25.70,200,300650
20221123,09:54:01,25.70,100,300650
20221123,09:54:32,25.55,950,300650
20221123,09:54:44,25.25,1400,300650
20221123,09:54:57,25.15,150,300650
20221123,09:55:01,25.15,350,300650
20221123,09:55:13,25.05,50,300650
20221123,09:55:29,24.90,550,300650
20221123,09:55:36,24.85,200,300650
20221123,09:55:39,24.95,400,300650
20221123,09:55:42,24.65,200,300650
20221123,09:55:44,24.65,100,300650
20221123,09:55:49,25.25,850,300650
20221123,09:55:52,25.45,800,300650
20221123,09:55:53,25.55,1050,300650
20221123,09:55:55,25.55,450,300650
20221123,09:55:57,25.25,1200,300650
20221123,09:55:59,25.40,350,300650
20221123,09:56:01,25.25,100,300650
20221123,09:56:16,25.00,200,300650
20221123,09:56:20,25.00,200,300650
20221123,09:56:21,25.15,100,300650
20221123,09:56:30,25.15,50,300650
20221123,09:56:32,25.25,450,300650
20221123,09:56:48,25.05,200,300650
20221123,09:56:50,24.95,50,307150
20221123,09:56:52,25.00,200,307150
20221123,09:56:57,25.05,150,307150
20221123,09:57:08,25.00,150,307150
20221123,09:57:24,24.90,350,307150
20221123,09:57:27,25.15,100,307150
20221123,09:57:32,25.25,100,307150
20221123,09:57:51,24.85,250,307150
20221123,09:57:52,24.85,50,307150
20221123,09:57:57,24.95,100,307150
20221123,09:58:00,24.90,200,307150
20221123,09:58:01,24.95,100,307150
20221123,09:58:19,25.05,450,307150
20221123,09:58:54,25.55,300,307150
20221123,09:59:12,25.50,100,307150
20221123,09:59:17,25.55,350,307150
20221123,09:59:52,25.40,600,308650
20221123,10:00:00,25.50,300,308650
20221123,10:00:05,25.55,50,308650
20221123,10:00:13,25.50,100,308650
20221123,10:00:31,25.50,200,308650
20221123,10:00:35,25.45,200,308650
20221123,10:01:06,25.50,200,308650
20221123,10:01:13,25.50,50,308650
20221123,10:01:25,25.55,50,308650
20221123,10:01:36,25.50,350,308650
20221123,10:01:38,25.50,300,308650
20221123,10:01:55,25.35,150,308650
20221123,10:01:58,25.35,300,308650
20221123,10:02:11,25.25,100,308650
20221123,10:02:12,25.25,100,308650
20221123,10:02:14,25.25,200,308650
20221123,10:02:41,25.45,50,310100
20221123,10:03:02,25.40,50,310100
20221123,10:03:06,25.55,50,310100
20221123,10:03:18,25.40,1500,310100
20221123,10:03:37,25.85,200,310100
20221123,10:03:41,25.65,100,310100
20221123,10:04:08,25.55,50,310100
20221123,10:04:12,25.55,450,310100
20221123,10:04:23,25.80,50,310100
20221123,10:04:27,25.90,100,310100
20221123,10:04:39,25.75,100,310100
20221123,10:04:43,25.65,250,310100
20221123,10:04:47,25.70,100,310100
20221123,10:04:58,25.70,100,310100
20221123,10:05:02,25.55,100,310100
20221123,10:05:14,25.60,450,310100
20221123,10:05:18,25.60,1150,310100
20221123,10:05:36,25.85,200,310100
20221123,10:05:43,25.75,200,310100
20221123,10:05:51,25.50,100,313350
20221123,10:05:52,25.65,550,313350
20221123,10:06:07,25.55,50,313350
20221123,10:06:26,25.45,50,313350
20221123,10:06:46,25.65,100,313350
20221123,10:06:47,25.75,350,313350
20221123,10:07:00,25.85,50,313350
20221123,10:07:07,25.50,50,313350
20221123,10:07:08,25.55,100,313350
20221123,10:07:39,25.35,300,313350
20221123,10:07:43,25.15,200,313350
20221123,10:07:47,25.25,100,313350
20221123,10:07:51,25.20,250,313350
20221123,10:08:28,25.35,300,313350
20221123,10:08:33,25.40,200,313350
20221123,10:08:43,25.25,1700,314800
20221123,10:08:44,25.25,1400,314800
20221123,10:08:54,25.20,750,314800
20221123,10:08:55,25.30,100,314800
20221123,10:08:56,25.30,350,314800
20221123,10:08:59,25.30,200,314800
20221123,10:09:15,25.40,600,314800
20221123,10:09:16,25.40,500,314800
20221123,10:09:17,25.35,150,314800
20221123,10:09:27,25.30,200,314800
20221123,10:09:28,25.20,750,314800
20221123,10:09:30,25.15,750,314800
20221123,10:09:45,25.10,50,314800
20221123,10:09:46,25.20,200,314800
20221123,10:09:52,25.20,100,314800
20221123,10:09:59,25.20,200,314800
20221123,10:10:00,25.20,100,314800
20221123,10:10:16,25.20,250,314800
20221123,10:10:18,25.20,50,314800
20221123,10:10:19,25.20,400,314800
20221123,10:10:21,25.20,1550,314800
20221123,10:10:23,25.25,50,314800
20221123,10:10:29,25.25,50,314800
20221123,10:10:36,25.50,50,314800
20221123,10:10:44,25.45,200,314800
20221123,10:10:48,25.50,450,314800
20221123,10:10:51,25.50,300,314800
20221123,10:10:55,25.40,600,314800
20221123,10:11:23,25.35,100,314800
20221123,10:11:31,25.15,900,314800
20221123,10:11:36,25.20,100,314800
20221123,10:11:45,24.90,1200,321850
20221123,10:11:50,25.05,450,321850
20221123,10:11:56,24.95,50,321850
20221123,10:12:12,25.45,350,321850
20221123,10:12:28,25.10,100,321850
20221123,10:12:55,25.05,50,321850
20221123,10:13:01,25.05,50,321850
20221123,10:13:13,25.35,100,321850
20221123,10:13:17,25.05,200,321850
20221123,10:13:20,25.05,100,321850
20221123,10:13:24,25.05,200,321850
20221123,10:13:24,25.05,100,321850
20221123,10:13:40,25.45,200,321850
20221123,10:14:20,24.90,1800,321850
20221123,10:14:31,24.90,700,321850
20221123,10:14:34,25.25,250,321850
20221123,10:15:36,25.40,200,323500
20221123,10:15:41,25.55,100,323500
20221123,10:16:03,25.35,100,323500
20221123,10:16:26,25.45,100,323500
20221123,10:16:59,25.10,50,323500
20221123,10:17:02,25.00,50,323500
20221123,10:17:07,25.00,1150,323500
20221123,10:17:11,25.25,450,323500
20221123,10:17:19,25.35,100,323500
20221123,10:17:26,25.35,200,323500
20221123,10:17:29,25.15,700,323500
20221123,10:17:33,25.15,400,323500
20221123,10:17:35,25.15,100,323500
20221123,10:18:00,25.25,50,323500
20221123,10:18:05,25.25,400,324700
20221123,10:18:06,25.30,400,324700
20221123,10:18:10,25.40,550,324700
20221123,10:18:16,25.40,150,324700
20221123,10:18:18,25.50,100,324700
20221123,10:18:29,25.25,200,324700
20221123,10:18:46,25.35,200,324700
20221123,10:18:56,25.20,1000,324700
20221123,10:19:07,25.25,50,324700
20221123,10:19:10,25.15,200,324700
20221123,10:19:13,25.50,250,324700
20221123,10:19:16,25.20,650,324700
20221123,10:19:19,25.30,200,324700
20221123,10:19:43,25.30,150,324700
20221123,10:19:55,25.35,100,324700
20221123,10:20:11,25.70,100,324700
20221123,10:20:17,25.40,1000,324700
20221123,10:20:18,25.50,1100,324700
20221123,10:20:21,25.50,550,324700
20221123,10:20:26,25.50,50,324700
20221123,10:20:35,25.50,300,324700
20221123,10:20:36,25.50,750,324700
20221123,10:20:41,25.50,50,326000
20221123,10:22:30,25.80,50,326000
20221123,10:22:44,25.70,50,326000
20221123,10:22:55,25.65,100,326000
20221123,10:23:10,25.25,300,326000
20221123,10:23:24,25.30,200,326000
20221123,10:23:31,25.45,200,326000
20221123,10:23:34,25.50,500,326000
20221123,10:23:37,25.30,150,326000
20221123,10:23:38,25.30,1400,326000
20221123,10:23:39,25.25,800,327700
20221123,10:23:40,25.55,200,327700
20221123,10:23:42,25.40,150,327700
20221123,10:24:03,25.60,400,327700
20221123,10:24:13,25.60,1550,327700
20221123,10:24:14,25.50,1500,327700
20221123,10:24:16,25.70,50,327700
20221123,10:24:17,25.90,250,327700
20221123,10:24:18,25.80,100,327700
20221123,10:24:19,25.85,1300,327700
20221123,10:24:21,25.80,50,327700
20221123,10:24:25,25.80,50,327700
20221123,10:24:31,25.95,400,327700
20221123,10:24:32,26.00,250,327700
20221123,10:24:33,26.00,350,327700
20221123,10:24:35,26.00,250,327700
20221123,10:24:42,25.80,150,327700
20221123,10:24:52,25.80,50,327700
20221123,10:24:57,25.80,50,327700
20221123,10:25:07,25.90,100,327700
20221123,10:25:12,25.90,450,327700
20221123,10:25:13,25.95,50,327700
20221123,10:25:18,25.95,500,327700
20221123,10:25:21,25.90,400,327700
20221123,10:25:22,26.10,150,327700
20221123,10:25:22,26.00,50,327700
20221123,10:25:25,26.10,100,327700
20221123,10:25:27,26.15,50,327700
20221123,10:25:28,26.00,350,327700
20221123,10:25:29,26.10,50,327700
20221123,10:25:44,25.90,100,327700
20221123,10:25:46,25.85,100,327700
20221123,10:25:55,25.75,100,327700
20221123,10:26:03,25.85,100,327700
20221123,10:26:19,25.85,50,327700
20221123,10:26:20,25.85,750,327700
20221123,10:26:30,25.80,50,327700
20221123,10:26:31,25.85,50,327700
20221123,10:26:37,25.80,50,327700
20221123,10:26:45,25.75,50,332700
20221123,10:26:58,25.70,100,332700
20221123,10:27:16,26.00,750,332700
20221123,10:27:26,26.00,50,332700
20221123,10:27:29,26.05,250,332700
20221123,10:27:38,25.95,150,332700
20221123,10:27:40,26.00,450,332700
20221123,10:27:44,26.00,450,332700
20221123,10:27:50,26.10,50,332700
20221123,10:28:09,26.00,50,332700
20221123,10:28:19,26.10,200,332700
20221123,10:29:09,26.20,500,332700
20221123,10:29:17,26.20,50,332700
20221123,10:29:51,26.20,50,332950
20221123,10:30:00,26.25,550,332950
20221123,10:30:01,26.25,500,332950
20221123,10:30:03,26.25,50,332950
20221123,10:30:10,26.20,50,332950
20221123,10:30:12,26.15,100,332950
20221123,10:30:13,26.20,100,332950
20221123,10:30:27,26.20,800,332950
20221123,10:30:30,26.30,200,332950
20221123,10:30:34,26.25,100,332950
20221123,10:31:46,26.35,300,332950
20221123,10:32:03,26.25,100,332950
20221123,10:32:34,26.50,50,332950
20221123,10:32:40,26.45,50,332950
20221123,10:33:17,26.55,50,332950
20221123,10:33:48,26.45,400,333800
20221123,10:34:10,26.35,1000,333800
20221123,10:34:14,26.30,200,333800
20221123,10:34:17,26.30,200,333800
20221123,10:34:20,26.35,200,333800
20221123,10:34:32,26.25,600,333800
20221123,10:34:43,26.15,200,333800
20221123,10:34:44,26.05,100,333800
20221123,10:34:47,26.10,200,333800
20221123,10:34:48,26.00,350,333800
20221123,10:35:07,26.35,100,333800
20221123,10:35:09,26.30,500,333800
20221123,10:35:27,26.35,350,333800
20221123,10:35:29,26.30,150,333800
20221123,10:37:14,26.25,50,332500
20221123,10:37:37,26.25,500,332500
20221123,10:37:40,26.20,300,332500
20221123,10:37:44,26.20,100,332500
20221123,10:37:54,26.35,50,332500
20221123,10:38:30,26.15,50,332500
20221123,10:38:57,26.20,300,333050
20221123,10:39:10,26.10,450,333050
20221123,10:39:52,26.10,50,333050
20221123,10:39:59,26.20,100,333050
20221123,10:40:22,26.20,50,333050
20221123,10:40:50,26.15,100,333050
20221123,10:41:09,26.25,100,333050
20221123,10:41:22,26.10,50,333050
20221123,10:41:28,26.25,300,333050
20221123,10:41:36,26.25,600,333050
20221123,10:42:09,26.50,400,332400
20221123,10:42:55,26.25,50,332400
20221123,10:43:01,26.20,200,332400
20221123,10:43:17,26.05,50,332400
20221123,10:43:28,26.05,50,332400
20221123,10:43:39,26.20,600,332400
20221123,10:43:43,26.20,300,332400
20221123,10:44:05,26.00,200,332400
20221123,10:44:09,25.85,250,332400
20221123,10:44:12,25.90,150,332400
20221123,10:44:22,25.80,150,332400
20221123,10:44:28,25.80,250,332400
20221123,10:44:35,25.80,350,332400
20221123,10:45:01,25.80,50,330500
20221123,10:45:25,25.80,50,330500
20221123,10:45:43,25.60,1400,330500
20221123,10:45:47,25.60,100,330500
20221123,10:46:02,25.55,50,330500
20221123,10:46:10,25.95,350,330500
20221123,10:46:36,26.00,100,330500
20221123,10:46:38,26.10,200,330500
20221123,10:46:45,25.95,100,330500
20221123,10:46:56,26.10,300,330500
20221123,10:46:58,25.85,1100,330500
20221123,10:47:00,26.10,1050,330500
20221123,10:47:01,26.15,150,330500
20221123,10:47:23,26.00,1500,330500
20221123,10:47:36,26.15,250,330500
20221123,10:47:48,26.30,100,332850
20221123,10:47:51,26.35,250,332850
20221123,10:48:19,26.35,350,332850
20221123,10:48:23,26.35,250,332850
20221123,10:48:26,26.35,50,332850
20221123,10:48:40,26.35,200,332850
20221123,10:48:52,26.50,400,332850
20221123,10:48:59,26.30,1000,332850
20221123,10:49:57,26.55,100,332850
20221123,10:50:00,26.55,250,332850
20221123,10:50:03,26.55,250,332850
20221123,10:50:07,26.55,150,332850
20221123,10:50:29,26.45,700,332850
20221123,10:50:35,26.60,850,332850
20221123,10:50:43,26.45,1000,332850
20221123,10:51:23,26.50,50,333550
20221123,10:52:00,26.65,50,333550
20221123,10:52:09,26.80,50,333550
20221123,10:52:17,26.70,1350,333550
20221123,10:52:20,26.65,400,333550
20221123,10:52:37,26.55,50,333550
20221123,10:53:01,26.60,100,333550
20221123,10:53:10,26.65,150,333550
20221123,10:53:12,26.65,300,333550
20221123,10:53:23,26.55,50,333550
20221123,10:53:53,26.45,1000,333100
20221123,10:54:09,26.65,250,333100
20221123,10:54:40,26.55,200,333100
20221123,10:56:08,26.55,50,333100
20221123,10:57:05,26.65,50,334150
20221123,10:59:24,26.65,50,334150
20221123,10:59:30,26.75,450,334150
20221123,11:00:03,26.85,150,333750
20221123,11:00:51,26.75,50,333750
20221123,11:00:54,26.90,100,333750
20221123,11:00:57,26.90,50,333750
20221123,11:01:15,26.85,100,333750
20221123,11:01:20,26.70,50,333750
20221123,11:01:28,26.70,50,333750
20221123,11:01:41,26.85,450,333750
20221123,11:01:52,26.75,300,333750
20221123,11:02:34,26.85,450,333750
20221123,11:02:40,26.85,50,333750
20221123,11:03:08,26.80,300,333350
20221123,11:03:53,26.90,100,333350
20221123,11:04:27,26.70,50,333350
20221123,11:04:40,26.70,50,333350
20221123,11:06:26,26.80,300,332900
20221123,11:06:32,26.65,50,332900
20221123,11:07:15,26.80,50,332900
20221123,11:10:43,26.95,100,333250
20221123,11:11:30,26.65,100,333250
20221123,11:12:38,26.80,50,333350
20221123,11:13:12,26.55,50,333350
20221123,11:13:17,26.60,800,333350
20221123,11:13:43,26.45,500,333350
20221123,11:14:27,26.55,200,333350
20221123,11:14:39,26.55,200,333350
20221123,11:14:57,26.60,50,333200
20221123,11:15:00,26.55,400,333200
20221123,11:15:21,26.50,50,333200
20221123,11:16:09,26.45,50,333200
20221123,11:16:59,26.55,300,333200
20221123,11:17:36,26.55,50,333200
20221123,11:17:39,26.60,50,333200
20221123,11:17:58,26.60,250,333700
20221123,11:20:22,26.60,50,333700
20221123,11:21:17,26.50,800,334000
20221123,11:21:30,26.55,50,334000
20221123,11:21:50,26.55,50,334000
20221123,11:22:07,26.60,250,334000
20221123,11:22:19,26.75,50,334000
20221123,11:24:10,26.70,50,333700
20221123,11:24:13,26.65,50,333700
20221123,11:24:26,26.60,200,333700
20221123,11:24:29,26.65,50,333700
20221123,11:24:38,26.60,100,333700
20221123,11:24:41,26.70,450,333700
20221123,11:25:28,26.55,400,333700
20221123,11:25:54,26.40,200,333700
20221123,11:25:58,26.20,2200,333700
20221123,11:26:05,26.10,150,333700
20221123,11:27:00,26.20,100,332700
20221123,11:27:11,26.40,50,332700
20221123,11:27:17,26.35,100,332700
20221123,11:28:04,26.35,50,332700
20221123,11:28:13,26.45,200,332700
20221123,11:28:18,26.45,100,332700
20221123,11:29:13,26.35,200,332700
20221123,11:29:43,26.35,100,332700
20221123,11:31:17,26.55,100,332950
20221123,11:32:28,26.35,100,332950
20221123,11:33:11,26.50,50,332950
20221123,11:34:53,26.40,100,332950
20221123,11:35:23,26.85,50,332950
20221123,11:36:42,26.60,100,333050
20221123,11:36:54,26.90,50,333050
20221123,11:37:17,26.55,500,333050
20221123,11:39:28,26.50,50,333350
20221123,11:39:31,26.45,50,333350
20221123,11:39:36,26.35,100,333350
20221123,11:39:54,26.50,50,333350
20221123,11:40:42,26.25,200,333350
20221123,11:43:27,26.35,600,333250
20221123,11:44:37,26.35,150,333250
20221123,11:45:24,26.35,100,333250
20221123,11:46:16,26.30,300,333250
20221123,11:46:34,26.35,250,333250
20221123,11:47:33,26.30,150,333250
20221123,11:47:35,26.25,100,333250
20221123,11:48:00,26.30,50,333550
20221123,11:48:10,26.30,50,333550
20221123,11:48:20,26.25,600,333550
20221123,11:48:58,26.30,200,333550
20221123,11:49:31,26.40,250,333550
20221123,11:53:44,26.35,450,332900
20221123,11:53:51,26.45,50,332900
20221123,11:54:02,26.20,200,333050
20221123,11:54:36,26.45,150,333050
20221123,11:55:22,26.25,50,333050
20221123,11:55:25,26.25,50,333050
20221123,11:56:07,26.15,100,333050
20221123,11:56:12,26.20,100,333050
20221123,11:56:15,26.20,350,333050
20221123,11:56:18,26.10,750,333050
20221123,11:56:20,26.15,450,333050
20221123,11:56:24,26.20,100,333050
20221123,11:56:35,25.80,850,333050
20221123,11:56:38,25.80,150,333050
20221123,11:56:40,26.10,50,333050
20221123,11:56:42,26.10,50,333050
20221123,11:57:12,26.00,150,334550
20221123,11:57:26,26.05,50,334550
20221123,11:57:32,26.00,150,334550
20221123,11:57:56,26.10,50,334550
20221123,11:58:26,26.10,200,334550
20221123,11:58:37,26.00,200,334550
20221123,11:58:52,26.00,100,334550
20221123,11:59:33,25.85,250,334550
20221123,12:00:21,26.00,50,334800
20221123,12:00:26,26.00,250,334800
20221123,12:00:28,26.00,900,334800
20221123,12:00:33,26.00,50,334800
20221123,12:00:36,26.05,100,334800
20221123,12:01:00,25.95,50,334800
20221123,12:01:23,25.95,50,334800
20221123,12:01:50,25.95,50,334800
20221123,12:02:05,25.95,50,334800
20221123,12:02:07,25.90,50,334800
20221123,12:02:18,25.80,400,334800
20221123,12:02:24,25.80,50,334800
20221123,12:02:37,25.80,50,334800
20221123,12:02:52,26.05,200,334800
20221123,12:03:03,26.10,100,336700
20221123,12:03:11,26.05,50,336700
20221123,12:03:20,26.05,100,336700
20221123,12:03:26,26.20,100,336700
20221123,12:03:30,26.30,50,336700
20221123,12:03:43,26.10,100,336700
20221123,12:03:50,26.20,700,336700
20221123,12:05:35,26.10,100,336700
20221123,12:05:48,25.90,50,336700
20221123,12:05:54,26.00,50,336700
20221123,12:06:54,26.25,2200,336600
20221123,12:08:08,26.45,200,336600
20221123,12:09:13,26.35,50,336600
20221123,12:09:37,26.35,150,336600
20221123,12:11:27,25.95,450,336600
20221123,12:11:34,25.90,650,336600
20221123,12:11:42,25.75,1800,336600
20221123,12:11:49,25.80,750,336600
20221123,12:11:52,25.80,50,336600
20221123,12:11:55,25.75,50,336600
20221123,12:11:58,25.85,150,336600
20221123,12:12:01,25.85,100,338550
20221123,12:12:15,25.80,650,338550
20221123,12:12:20,25.70,250,338550
20221123,12:12:31,25.60,100,338550
20221123,12:12:34,25.60,250,338550
20221123,12:12:42,25.90,750,338550
20221123,12:12:58,25.90,50,338550
20221123,12:13:14,25.55,450,338550
20221123,12:13:19,25.75,50,338550
20221123,12:13:32,25.90,300,338550
20221123,12:13:35,25.80,200,338550
20221123,12:13:38,25.65,500,338550
20221123,12:13:45,25.75,300,338550
20221123,12:13:48,25.65,200,338550
20221123,12:13:51,25.85,250,338550
20221123,12:14:05,25.55,150,338550
20221123,12:14:21,25.80,100,338550
20221123,12:14:43,25.65,800,338550
20221123,12:15:08,25.85,100,340350
20221123,12:15:23,25.55,850,340350
20221123,12:16:01,25.60,5150,340350
20221123,12:16:04,25.65,100,340350
20221123,12:16:06,25.55,500,340350
20221123,12:16:09,25.55,200,340350
20221123,12:16:13,25.55,100,340350
20221123,12:16:18,25.55,50,340350
20221123,12:16:54,25.55,50,340350
20221123,12:16:55,25.50,600,340350
20221123,12:16:56,25.50,200,340350
20221123,12:16:57,25.60,600,340350
20221123,12:17:25,25.60,150,340350
20221123,12:17:29,25.45,200,340350
20221123,12:17:31,25.45,200,340350
20221123,12:17:38,25.45,50,340350
20221123,12:17:41,25.50,200,340350
20221123,12:17:42,25.60,50,340350
20221123,12:17:43,25.60,50,340350
20221123,12:17:48,25.55,50,340350
20221123,12:17:59,25.60,50,340350
20221123,12:18:05,25.60,50,344250
20221123,12:18:11,25.60,50,344250
20221123,12:18:51,25.35,550,344250
20221123,12:18:56,25.30,50,344250
20221123,12:18:59,25.35,150,344250
20221123,12:19:15,25.45,1000,344250
20221123,12:19:18,25.10,1300,344250
20221123,12:19:23,25.35,50,344250
20221123,12:19:26,25.45,100,344250
20221123,12:19:29,25.40,50,344250
20221123,12:19:32,25.40,100,344250
20221123,12:19:44,25.30,50,344250
20221123,12:21:18,25.10,50,341800
20221123,12:21:43,25.25,50,341800
20221123,12:21:58,25.25,50,341800
20221123,12:22:04,25.00,450,341800
20221123,12:23:06,24.90,250,341800
20221123,12:23:16,24.90,200,341800
20221123,12:23:19,24.90,150,341800
20221123,12:23:22,25.00,50,341800
20221123,12:24:12,25.00,50,342100
20221123,12:24:17,24.95,50,342100
20221123,12:25:02,24.80,1500,342100
20221123,12:25:27,24.90,100,342100
20221123,12:25:35,24.80,50,342100
20221123,12:25:38,24.70,50,342100
20221123,12:25:42,24.45,200,342100
20221123,12:25:49,24.80,50,342100
20221123,12:26:21,24.95,950,342100
20221123,12:26:24,24.95,500,342100
20221123,12:26:56,24.90,1500,342100
20221123,12:27:56,24.95,800,338000
20221123,12:28:02,25.00,1500,338000
20221123,12:28:35,24.90,150,338000
20221123,12:28:52,25.00,1500,338000
20221123,12:29:28,24.75,400,338000
20221123,12:30:02,24.75,50,338000
20221123,12:30:46,24.65,50,338000
20221123,12:31:14,24.75,50,335000
20221123,12:31:31,24.80,150,335000
20221123,12:31:55,25.00,1750,335000
20221123,12:32:05,24.95,1000,335000
20221123,12:32:21,25.00,1050,335000
20221123,12:33:46,25.00,250,335250
20221123,12:33:52,25.00,850,335250
20221123,12:35:26,25.00,1000,335250
20221123,12:37:02,24.95,50,334000
20221123,12:37:08,24.90,550,334000
20221123,12:37:11,24.90,50,334000
20221123,12:37:13,24.85,50,334000
20221123,12:37:27,24.85,100,334000
20221123,12:37:50,25.05,150,334000
20221123,12:37:55,25.15,1000,334000
20221123,12:38:17,24.95,50,334000
20221123,12:38:25,25.00,100,334000
20221123,12:38:40,25.00,100,334000
20221123,12:38:46,25.00,100,334000
20221123,12:38:53,25.05,750,334000
20221123,12:40:01,24.95,100,332900
20221123,12:40:14,24.80,200,332900
20221123,12:41:59,24.70,100,332900
20221123,12:43:57,24.80,200,333100
20221123,12:44:36,24.85,500,333100
20221123,12:44:38,24.80,300,333100
20221123,12:44:39,24.80,200,333100
20221123,12:44:40,24.80,200,333100
20221123,12:44:42,24.80,100,333100
20221123,12:44:57,24.85,100,333100
20221123,12:45:56,24.80,200,333100
20221123,12:46:02,24.75,100,333100
20221123,12:46:42,24.65,50,333100
20221123,12:46:53,24.85,100,333100
20221123,12:49:18,24.85,100,333050
20221123,12:49:32,24.75,150,333050
20221123,12:49:49,24.35,200,333050
20221123,12:50:26,24.35,50,333050
20221123,12:51:10,24.65,100,333250
20221123,12:54:55,24.80,50,333250
20221123,12:55:37,24.80,100,333250
20221123,12:55:49,24.75,100,333250
20221123,12:55:50,24.85,100,333250
20221123,12:56:00,24.85,150,333250
20221123,12:56:26,25.05,450,333250
20221123,12:56:27,25.20,400,333250
20221123,12:56:33,25.20,100,333250
20221123,12:56:40,25.15,50,333250
20221123,12:57:54,25.20,150,333250
20221123,12:58:25,25.20,300,333750
20221123,12:58:29,25.30,150,333750
20221123,13:00:26,25.30,150,333250
20221123,13:00:39,25.45,250,333250
20221123,13:01:01,25.75,1750,333250
20221123,13:04:09,25.75,50,333900
20221123,13:04:16,25.75,1000,333900
20221123,13:04:36,25.60,1650,333900
20221123,13:04:42,25.60,800,333900
20221123,13:04:51,25.55,100,333900
20221123,13:04:56,25.45,500,333900
20221123,13:05:03,25.35,600,333900
20221123,13:05:12,25.35,100,333900
20221123,13:05:33,25.40,400,333900
20221123,13:05:38,25.50,50,333900
20221123,13:06:25,25.70,300,333550
20221123,13:06:57,25.85,350,333550
20221123,13:07:05,25.70,450,333550
20221123,13:07:12,25.65,50,333550
20221123,13:07:16,25.60,150,333550
20221123,13:07:17,25.60,100,333550
20221123,13:07:18,25.60,250,333550
20221123,13:07:19,25.60,550,333550
20221123,13:07:20,25.60,400,333550
20221123,13:07:46,25.80,100,333550
20221123,13:07:47,25.90,50,333550
20221123,13:07:51,25.70,50,333550
20221123,13:07:57,25.70,100,333550
20221123,13:08:34,25.65,100,333550
20221123,13:08:36,25.65,100,333550
20221123,13:08:38,25.65,100,333550
20221123,13:08:41,25.65,50,333550
20221123,13:08:43,25.65,100,333550
20221123,13:08:45,25.65,100,333550
20221123,13:08:48,25.65,100,333550
20221123,13:08:50,25.60,150,333550
20221123,13:08:53,25.70,200,333550
20221123,13:09:06,25.65,50,333550
20221123,13:09:11,25.70,100,332450
20221123,13:09:19,25.70,50,332450
20221123,13:09:32,25.40,50,332450
20221123,13:10:29,25.25,450,332450
20221123,13:10:48,25.25,50,332450
20221123,13:10:54,25.25,100,332450
20221123,13:11:02,25.30,100,332450
20221123,13:11:16,25.25,50,332450
20221123,13:11:36,25.30,50,332450
20221123,13:11:54,25.40,50,332450
20221123,13:12:19,25.35,50,331900
20221123,13:12:21,25.10,1450,331900
20221123,13:12:25,25.30,100,331900
20221123,13:13:06,25.25,100,331900
20221123,13:13:14,25.15,100,331900
20221123,13:13:42,25.25,50,331900
20221123,13:14:25,25.30,200,331900
20221123,13:14:35,25.45,100,331900
20221123,13:15:04,25.50,50,331900
20221123,13:18:00,25.35,200,333100
20221123,13:18:10,25.45,50,333100
20221123,13:19:17,25.50,100,333050
20221123,13:19:24,25.50,700,333050
20221123,13:20:08,25.95,100,333050
20221123,13:20:12,25.95,400,333050
20221123,13:20:20,25.95,100,333050
20221123,13:20:36,26.00,250,333050
20221123,13:21:23,26.10,1800,333700
20221123,13:21:36,26.10,1450,333700
20221123,13:21:39,26.25,650,333700
20221123,13:21:42,26.20,350,333700
20221123,13:21:45,26.15,150,333700
20221123,13:21:51,26.35,700,333700
20221123,13:22:11,26.25,100,333700
20221123,13:22:19,26.30,1900,333700
20221123,13:22:23,26.30,250,333700
20221123,13:22:34,26.35,450,333700
20221123,13:22:36,26.40,1450,333700
20221123,13:22:40,26.40,200,333700
20221123,13:22:44,26.30,1850,333700
20221123,13:22:47,26.35,100,333700
20221123,13:23:03,26.40,200,333700
20221123,13:23:04,26.40,500,333700
20221123,13:23:04,26.40,100,333700
20221123,13:23:05,26.40,250,333700
20221123,13:23:15,26.55,100,333700
20221123,13:23:17,26.60,100,333700
20221123,13:23:26,26.70,1800,333700
20221123,13:23:52,26.65,100,333700
20221123,13:23:58,26.70,100,333700
20221123,13:24:03,26.70,450,333700
20221123,13:24:06,26.65,50,333700
20221123,13:25:00,26.60,200,339000
20221123,13:25:10,26.65,50,339000
20221123,13:25:15,26.65,50,339000
20221123,13:25:22,26.70,50,339000
20221123,13:25:42,26.55,100,339000
20221123,13:25:48,26.55,1050,339000
20221123,13:25:58,26.55,100,339000
20221123,13:26:06,26.55,50,339000
20221123,13:26:14,26.60,100,339000
20221123,13:26:15,26.70,150,339000
20221123,13:26:20,26.70,100,339000
20221123,13:26:36,26.50,200,339000
20221123,13:26:42,26.45,850,339000
20221123,13:26:44,26.40,700,339000
20221123,13:26:45,26.30,5150,339000
20221123,13:26:55,26.35,100,339000
20221123,13:27:08,26.25,350,339000
20221123,13:27:31,26.25,50,344900
20221123,13:27:38,26.15,50,344900
20221123,13:27:40,26.15,200,344900
20221123,13:27:47,26.15,50,344900
20221123,13:27:50,26.15,200,344900
20221123,13:27:59,26.20,200,344900
20221123,13:28:01,26.20,250,344900
20221123,13:28:03,26.20,100,344900
20221123,13:28:06,26.20,100,344900
20221123,13:28:13,26.20,50,344900
20221123,13:28:27,26.15,50,344900
20221123,13:28:35,26.10,50,344900
20221123,13:28:43,25.95,50,344900
20221123,13:29:02,25.80,50,344900
20221123,13:29:59,25.70,50,344900
20221123,13:32:31,25.30,1500,344550
20221123,13:32:39,25.10,1500,344550
20221123,13:33:20,25.35,250,346800
20221123,13:33:39,25.30,50,346800
20221123,13:33:43,25.25,450,346800
20221123,13:33:48,25.15,850,346800
20221123,13:34:01,25.20,650,346800
20221123,13:34:04,25.15,50,346800
20221123,13:34:08,25.20,1050,346800
20221123,13:34:23,25.15,150,346800
20221123,13:34:25,25.00,150,346800
20221123,13:34:32,25.00,100,346800
20221123,13:34:45,25.20,50,346800
20221123,13:34:55,25.20,550,346800
20221123,13:35:10,25.10,350,346800
20221123,13:35:13,25.05,1900,346800
20221123,13:35:16,25.15,350,346800
20221123,13:35:19,24.90,1500,346800
20221123,13:35:22,24.95,150,346800
20221123,13:35:31,25.15,250,346800
20221123,13:35:34,25.25,650,346800
20221123,13:35:53,25.20,50,346800
20221123,13:35:56,25.15,100,346800
20221123,13:37:06,25.45,900,351400
20221123,13:37:11,25.30,50,351400
20221123,13:37:14,25.50,350,351400
20221123,13:37:56,25.35,100,351400
20221123,13:39:07,25.50,50,351400
20221123,13:39:12,25.50,750,351400
20221123,13:39:14,25.50,200,351400
20221123,13:39:16,25.60,850,352700
20221123,13:39:26,25.55,1300,352700
20221123,13:40:25,25.50,50,352700
20221123,13:41:36,25.75,500,352700
20221123,13:42:02,25.60,50,352700
20221123,13:43:15,25.60,50,353650
20221123,13:44:39,25.55,50,353650
20221123,13:45:08,25.50,100,353650
20221123,13:46:28,25.65,800,353750
20221123,13:49:56,25.70,50,353650
20221123,13:50:40,26.00,100,353650
20221123,13:50:43,25.90,100,353650
20221123,13:50:47,25.90,100,353650
20221123,13:50:50,25.90,250,353650
20221123,13:50:53,25.90,300,353650
20221123,13:51:06,25.90,100,353650
20221123,13:51:14,25.80,100,353650
20221123,13:51:17,25.90,200,353650
20221123,13:51:21,25.90,200,352400
20221123,13:51:32,25.90,200,352400
20221123,13:51:37,26.00,100,352400
20221123,13:51:39,26.00,250,352400
20221123,13:51:43,25.95,150,352400
20221123,13:52:03,26.15,250,352400
20221123,13:52:07,26.20,200,352400
20221123,13:52:14,26.00,50,352400
20221123,13:52:21,25.95,50,352400
20221123,13:52:28,26.05,50,352400
20221123,13:52:52,25.95,100,352400
20221123,13:53:16,26.05,50,352400
20221123,13:53:33,26.15,50,352400
20221123,13:54:07,26.05,200,352400
20221123,13:54:48,26.05,100,350950
20221123,13:54:57,26.05,50,350950
20221123,13:54:59,26.00,100,350950
20221123,13:55:01,26.05,50,350950
20221123,13:55:03,26.05,200,350950
20221123,13:55:12,26.10,50,350950
20221123,13:55:23,26.10,50,350950
20221123,13:55:38,26.10,50,350950
20221123,13:55:50,26.00,50,350950
20221123,13:55:58,26.20,700,350950
20221123,13:56:01,26.20,50,350950
20221123,13:56:04,26.25,50,350950
20221123,13:58:01,26.45,50,350200
20221123,13:58:04,26.45,100,350200
20221123,13:58:26,26.50,50,350200
20221123,13:59:56,26.30,50,350200
20221123,14:00:02,26.20,50,350200
20221123,14:01:01,26.00,500,350050
20221123,14:01:23,26.05,150,350050
20221123,14:01:26,26.10,50,350050
20221123,14:01:29,26.00,200,350050
20221123,14:01:46,25.85,250,350050
20221123,14:01:54,25.95,100,350050
20221123,14:02:02,25.95,250,350050
20221123,14:02:07,25.95,450,350050
20221123,14:02:11,25.95,1750,350050
20221123,14:02:17,25.85,150,350050
20221123,14:02:20,25.95,400,350050
20221123,14:02:31,25.75,450,350050
20221123,14:03:02,25.55,50,350050
20221123,14:03:15,25.70,100,350050
20221123,14:03:55,25.85,200,349850
20221123,14:03:59,25.95,500,349850
20221123,14:04:02,25.95,950,349850
20221123,14:04:05,26.00,200,349850
20221123,14:04:09,26.05,250,349850
20221123,14:04:13,26.15,200,349850
20221123,14:04:25,25.90,50,349850
20221123,14:05:11,26.50,150,349850
20221123,14:05:17,26.25,50,349850
20221123,14:05:24,26.25,100,349850
20221123,14:05:35,26.65,100,349850
20221123,14:06:05,26.70,50,349850
20221123,14:06:32,26.45,50,350850
20221123,14:07:17,26.65,100,350850
20221123,14:08:02,26.55,200,350850
20221123,14:08:21,26.60,150,350850
20221123,14:08:36,26.65,150,350850
20221123,14:08:42,26.65,300,350850
20221123,14:09:42,26.40,50,351550
20221123,14:09:45,26.40,50,351550
20221123,14:10:14,26.55,150,351550
20221123,14:10:24,26.45,300,351550
20221123,14:10:56,26.40,50,351550
20221123,14:11:02,26.30,50,351550
20221123,14:11:05,26.25,300,351550
20221123,14:11:55,26.60,200,351550
20221123,14:11:58,26.65,100,351550
20221123,14:12:01,26.65,100,351550
20221123,14:12:10,26.70,300,351550
20221123,14:12:17,26.75,100,351550
20221123,14:12:55,26.40,50,351700
20221123,14:14:35,26.50,150,351700
20221123,14:15:11,26.45,150,351700
20221123,14:15:14,26.45,50,351700
20221123,14:15:17,26.35,50,351700
20221123,14:16:55,26.50,400,351900
20221123,14:17:02,26.65,1800,351900
20221123,14:17:07,26.45,50,351900
20221123,14:17:18,26.40,200,351900
20221123,14:17:26,26.35,1000,351900
20221123,14:17:38,26.35,50,351900
20221123,14:17:47,26.35,600,351900
20221123,14:17:53,26.35,50,351900
20221123,14:18:20,26.35,1300,351900
20221123,14:19:25,26.30,50,353200
20221123,14:19:34,26.20,50,353200
20221123,14:19:50,26.25,50,353200
20221123,14:19:53,26.25,50,353200
20221123,14:20:03,26.15,50,353200
20221123,14:20:13,26.05,50,353200
20221123,14:21:07,26.35,200,353200
20221123,14:21:24,26.40,50,353450
20221123,14:21:44,26.45,200,353450
20221123,14:22:01,26.45,700,353450
20221123,14:22:10,26.45,1000,353450
20221123,14:22:54,26.45,350,353450
20221123,14:23:09,26.30,50,353450
20221123,14:23:19,26.15,200,353450
20221123,14:23:55,26.10,1500,353450
20221123,14:24:00,26.00,1500,353450
20221123,14:24:23,26.15,50,353450
20221123,14:24:30,25.90,300,356650
20221123,14:24:37,25.85,50,356650
20221123,14:24:41,25.65,100,356650
20221123,14:24:55,26.00,50,356650
20221123,14:25:01,26.10,100,356650
20221123,14:25:04,26.15,200,356650
20221123,14:25:43,26.35,150,356650
20221123,14:26:08,26.20,1750,356650
20221123,14:26:33,26.25,50,356650
20221123,14:27:57,26.70,1000,356100
20221123,14:28:01,26.60,250,356100
20221123,14:28:24,26.65,150,356100
20221123,14:28:31,26.75,100,356100
20221123,14:28:34,26.85,300,356100
20221123,14:28:38,26.85,50,356100
20221123,14:28:43,26.95,100,356100
20221123,14:28:47,26.90,1800,356100
20221123,14:28:52,26.95,50,356100
20221123,14:28:56,26.90,100,356100
20221123,14:30:02,26.90,950,356100
20221123,14:30:10,27.00,200,356100
20221123,14:30:22,26.95,50,356100
20221123,14:30:26,27.00,200,354050
20221123,14:30:29,26.85,200,354050
20221123,14:30:39,27.00,300,354050
20221123,14:31:35,27.00,100,354050
20221123,14:31:38,27.10,1400,354050
20221123,14:32:07,27.10,500,354050
20221123,14:32:10,27.05,50,354050
20221123,14:32:25,27.10,50,354050
20221123,14:34:27,26.85,100,352600
20221123,14:34:49,26.65,1500,352600
20221123,14:34:55,26.70,1500,352600
20221123,14:35:05,26.95,100,352600
20221123,14:35:37,26.85,50,352600
20221123,14:35:43,26.95,1000,352600
20221123,14:35:58,26.80,50,352600
20221123,14:36:01,26.65,50,352600
20221123,14:36:13,26.70,1550,352600
20221123,14:36:19,26.60,1500,352600
20221123,14:36:31,26.70,100,356000
20221123,14:36:34,26.70,100,356000
20221123,14:36:36,26.70,100,356000
20221123,14:36:39,26.70,200,356000
20221123,14:36:42,26.75,50,356000
20221123,14:36:44,26.70,200,356000
20221123,14:36:47,26.75,50,356000
20221123,14:36:51,26.90,150,356000
20221123,14:37:02,26.70,250,356000
20221123,14:37:05,26.65,50,356000
20221123,14:37:11,26.70,100,356000
20221123,14:37:19,26.65,50,356000
20221123,14:37:42,26.65,250,356000
20221123,14:37:47,26.50,50,356000
20221123,14:37:50,26.60,100,356000
20221123,14:39:26,26.65,50,356000
20221123,14:40:00,26.65,1100,355250
20221123,14:40:11,26.80,300,355250
20221123,14:41:03,27.25,50,355250
20221123,14:41:20,27.15,50,355250
20221123,14:41:32,27.10,500,355250
20221123,14:41:37,27.00,500,355250
20221123,14:42:20,26.95,150,355250
20221123,14:42:39,27.00,50,353550
20221123,14:43:19,26.80,1550,353550
20221123,14:43:26,26.75,1500,353550
20221123,14:43:51,27.00,200,353550
20221123,14:44:08,27.05,200,353550
20221123,14:44:12,27.15,50,353550
20221123,14:44:26,27.25,50,353550
20221123,14:44:44,27.15,100,353550
20221123,14:46:28,27.20,150,355950
20221123,14:46:38,27.05,700,355950
20221123,14:46:45,27.15,1700,355950
20221123,14:46:57,27.45,100,355950
20221123,14:47:06,27.15,100,355950
20221123,14:47:17,27.15,50,355950
20221123,14:47:37,27.65,700,355950
20221123,14:47:40,27.65,100,355950
20221123,14:47:53,27.50,50,355950
20221123,14:47:57,27.50,50,355950
20221123,14:48:13,27.50,50,355950
20221123,14:48:26,27.30,50,355950
20221123,14:48:44,27.20,50,357750
20221123,14:49:07,27.25,100,357750
20221123,14:49:10,27.30,50,357750
20221123,14:49:29,27.30,100,357750
20221123,14:49:38,27.60,1800,357750
20221123,14:49:41,27.55,600,357750
20221123,14:49:47,27.60,50,357750
20221123,14:49:50,27.85,1200,357750
20221123,14:50:08,27.70,1200,357750
20221123,14:50:32,27.70,100,357750
20221123,14:50:35,27.80,1100,357750
20221123,14:51:17,28.00,50,357750
20221123,14:51:26,28.00,50,357750
20221123,14:52:31,27.95,200,360350
20221123,14:54:02,28.70,1100,360350
20221123,14:54:23,28.60,100,360350
20221123,14:54:44,28.30,100,361150
20221123,14:54:47,28.40,50,361150
20221123,14:54:50,28.30,100,361150
20221123,14:54:57,28.40,900,361150
20221123,14:55:00,28.40,600,361150
20221123,14:55:36,28.60,100,361150
20221123,14:55:42,28.75,50,361150
20221123,14:55:51,29.15,300,361150
20221123,14:56:07,29.25,200,361150
20221123,14:56:12,29.35,150,361150
20221123,14:56:21,29.55,1500,361150
20221123,14:56:33,29.80,1500,361150
20221123,14:56:46,29.80,100,361150
20221123,14:56:50,29.90,50,361150
20221123,14:56:54,29.90,100,361150
20221123,14:57:02,29.60,150,361150
20221123,14:57:22,30.00,550,361150
20221123,14:57:25,30.00,100,361150
20221123,14:57:29,29.95,100,361150
20221123,14:57:35,29.80,150,361850
20221123,14:57:43,30.00,100,361850
20221123,14:57:49,29.95,50,361850
20221123,14:58:10,30.05,50,361850
20221123,14:58:26,30.05,800,361850
20221123,14:58:38,30.00,150,361850
20221123,14:58:45,30.20,50,361850
20221123,14:58:52,30.20,200,361850
20221123,14:58:53,30.15,500,361850
20221123,14:58:55,30.20,50,361850
20221123,14:58:59,30.25,200,361850
20221123,14:59:02,30.25,50,361850
20221123,14:59:07,30.45,50,361850
20221123,14:59:46,30.45,100,361850
20221123,14:59:59,29.90,150,361850
20221123,15:00:04,30.10,300,361850
20221123,15:00:09,29.70,150,361850
20221123,15:00:14,28.35,350,361850
20221123,15:00:23,28.45,150,361850
20221123,15:00:27,27.95,150,361850
20221123,15:00:44,28.05,650,363750
20221123,15:00:52,28.25,650,363750
20221123,15:00:56,28.15,400,363750
20221123,15:01:16,28.45,200,363750
20221123,15:01:20,28.45,100,363750
20221123,15:01:23,28.45,250,363750
20221123,15:01:31,28.45,100,363750
20221123,15:01:36,28.55,200,363750
20221123,15:01:39,28.50,400,363750
20221123,15:01:47,28.65,450,363750
20221123,15:01:51,28.75,50,363750
20221123,15:01:59,28.95,300,363750
20221123,15:02:02,28.95,100,363750
20221123,15:02:06,29.00,1050,363750
20221123,15:02:13,28.85,100,363750
20221123,15:02:17,28.90,450,363750
20221123,15:02:21,28.70,100,363750
20221123,15:02:37,28.40,450,363750
20221123,15:02:45,28.15,300,363750
20221123,15:02:50,27.65,900,363750
20221123,15:02:54,27.55,150,363750
20221123,15:02:58,27.30,150,363750
20221123,15:03:23,26.80,350,363750
20221123,15:03:48,26.80,800,367100
20221123,15:03:52,26.85,200,367100
20221123,15:04:00,26.65,100,367100
20221123,15:04:04,26.60,50,367100
20221123,15:04:08,26.85,150,367100
20221123,15:04:37,26.65,100,367100
20221123,15:04:44,27.00,50,367100
20221123,15:05:08,26.75,50,367100
20221123,15:05:39,26.05,50,367100
20221123,15:06:17,25.60,200,367100
20221123,15:06:21,25.80,100,367100
20221123,15:06:29,25.80,500,367100
20221123,15:06:37,26.00,50,367800
20221123,15:06:51,26.10,50,367800
20221123,15:07:14,26.40,600,367800
20221123,15:08:00,26.00,700,367800
20221123,15:08:13,25.50,100,367800
20221123,15:08:17,24.85,300,367800
20221123,15:08:22,24.45,350,367800
20221123,15:08:27,24.00,250,367800
20221123,15:08:32,24.00,50,367800
20221123,15:08:37,24.00,800,367800
20221123,15:08:41,24.15,50,367800
20221123,15:08:55,23.60,100,367800
20221123,15:09:05,23.60,900,367800
20221123,15:09:15,23.10,300,367800
20221123,15:09:20,23.65,400,367800
20221123,15:09:24,23.75,50,367800
20221123,15:10:00,23.95,1000,366500
20221123,15:10:05,24.00,450,366500
20221123,15:10:18,24.35,2800,366500
20221123,15:10:32,24.60,1200,366500
20221123,15:10:36,24.20,250,366500
20221123,15:10:41,24.45,100,366500
20221123,15:10:45,24.55,100,366500
20221123,15:10:49,24.55,150,366500
20221123,15:10:53,24.50,50,366500
20221123,15:11:22,24.95,650,366500
20221123,15:11:30,24.90,700,366500
20221123,15:11:43,25.05,450,366500
20221123,15:12:00,25.00,50,366500
20221123,15:12:09,25.00,500,366500
20221123,15:12:34,25.00,450,366500
20221123,15:12:47,25.25,100,362700
20221123,15:12:51,25.25,50,362700
20221123,15:13:27,25.10,200,362700
20221123,15:13:31,25.25,50,362700
20221123,15:14:19,25.30,1000,362700
20221123,15:14:31,25.55,1000,362700
20221123,15:14:39,25.30,650,362700
20221123,15:14:48,25.25,1000,362700
20221123,15:14:52,25.25,500,362700
20221123,15:15:08,25.00,600,362700
20221123,15:15:21,24.90,200,362700
20221123,15:15:26,24.95,600,362700
20221123,15:15:34,25.00,50,362700
20221123,15:15:38,25.15,100,365000
20221123,15:15:42,25.05,250,365000
20221123,15:16:00,24.35,950,365000
20221123,15:16:05,23.90,150,365000
20221123,15:16:10,23.60,100,365000
20221123,15:16:20,23.75,50,365000
20221123,15:16:29,23.75,100,365000
20221123,15:16:33,23.80,50,365000
20221123,15:16:42,23.70,1800,365000
20221123,15:16:46,23.75,700,365000
20221123,15:16:56,23.75,2050,365000
20221123,15:17:00,23.95,650,365000
20221123,15:17:04,24.00,100,365000
20221123,15:17:17,23.95,900,365000
20221123,15:17:21,23.95,1300,365000
20221123,15:17:25,23.85,1400,365000
20221123,15:17:30,24.00,50,365000
20221123,15:17:34,24.10,200,365000
20221123,15:17:42,24.00,100,365000
20221123,15:17:47,24.05,200,365000
20221123,15:17:56,24.00,350,365000
20221123,15:18:17,23.80,100,365000
20221123,15:18:21,23.80,1000,365000
20221123,15:18:33,23.60,1500,365000
20221123,15:18:42,23.70,500,368900
20221123,15:18:54,23.80,200,368900
20221123,15:19:06,23.65,1100,368900
20221123,15:19:22,23.65,1800,368900
20221123,15:19:30,23.60,1850,368900
20221123,15:19:38,23.60,1800,368900
20221123,15:19:42,23.45,3600,368900
20221123,15:19:47,23.50,100,368900
20221123,15:19:51,23.65,1800,368900
20221123,15:20:03,23.45,200,368900
20221123,15:20:12,23.25,1250,368900
20221123,15:20:16,23.35,650,368900
20221123,15:20:21,23.40,50,368900
20221123,15:20:25,23.40,50,368900
20221123,15:20:29,23.20,650,368900
20221123,15:20:41,23.15,50,368900
20221123,15:20:45,23.20,200,368900
20221123,15:20:54,23.30,650,368900
20221123,15:21:03,23.00,450,368900
20221123,15:21:07,22.95,600,368900
20221123,15:21:15,22.80,1250,368900
20221123,15:21:18,22.80,50,368900
20221123,15:21:22,22.80,50,368900
20221123,15:21:38,22.90,1000,366000
20221123,15:21:42,22.75,1900,366000
20221123,15:21:46,22.70,450,366000
20221123,15:21:50,22.70,200,366000
20221123,15:21:54,22.75,300,366000
20221123,15:21:58,22.60,100,366000
20221123,15:22:02,22.60,500,366000
20221123,15:22:13,22.65,500,366000
20221123,15:22:17,22.55,750,366000
20221123,15:22:26,22.60,150,366000
20221123,15:22:37,22.60,400,366000
20221123,15:22:41,22.60,50,366000
20221123,15:23:00,22.65,1500,366000
20221123,15:23:04,22.60,150,366000
20221123,15:23:08,22.55,100,366000
20221123,15:23:20,22.55,1050,366000
20221123,15:23:24,22.85,800,366000
20221123,15:23:36,22.80,300,366000
20221123,15:24:04,22.65,50,366000
20221123,15:24:08,22.50,3000,366000
20221123,15:24:28,22.50,150,366000
20221123,15:24:32,22.25,500,366000
20221123,15:24:41,22.25,50,367000
20221123,15:24:45,22.20,500,367000
20221123,15:24:50,22.45,50,367000
20221123,15:24:54,22.45,450,367000
20221123,15:24:58,22.55,200,367000
20221123,15:25:15,23.30,1050,367000
20221123,15:25:19,22.55,100,367000
20221123,15:25:23,22.70,200,367000
20221123,15:25:27,22.95,2350,367000
20221123,15:25:31,22.90,400,367000
20221123,15:25:43,22.15,50,367000
20221123,15:25:47,22.15,50,367000
20221123,15:25:51,23.00,200,367000
20221123,15:26:03,23.00,50,367000
20221123,15:26:06,22.20,500,367000
20221123,15:26:30,22.30,150,367000
20221123,15:26:34,22.55,400,367000
20221123,15:26:38,23.00,450,367000
20221123,15:26:46,23.00,50,367000
20221123,15:26:54,22.20,300,367000
20221123,15:26:58,22.20,500,367000
20221123,15:27:06,22.30,500,367000
20221123,15:27:14,22.85,250,367000
20221123,15:27:23,22.95,650,367000
20221123,15:27:28,22.85,100,367000
20221123,15:27:36,22.35,950,367000
20221123,15:27:41,22.05,600,365800
20221123,15:27:50,22.05,100,365800
20221123,15:27:59,22.05,300,365800
20221123,15:28:09,22.95,100,365800
20221123,15:28:18,22.20,150,365800
20221123,15:28:28,21.55,100,365800
20221123,15:28:33,21.55,50,365800
20221123,15:28:42,21.60,300,365800
20221123,15:28:47,22.10,50,365800
20221123,15:28:51,21.65,400,365800
20221123,15:28:56,22.15,1950,365800
20221123,15:29:00,22.00,200,365800
20221123,15:29:05,22.05,200,365800
20221123,15:29:10,22.05,50,365800
20221123,15:29:19,22.05,150,365800
20221123,15:29:24,22.05,100,365800
20221123,15:29:34,21.65,100,365800
20221123,15:29:39,22.10,200,365800
20221123,15:29:43,21.55,50,365800
20221123,15:29:48,23.00,350,365800
