20221129,09:15:06,18874.55,1,123250
20221129,09:15:06,18886.15,100,123250
20221129,09:15:08,18895.85,50,123250
20221129,09:15:10,18895.85,50,123250
20221129,09:15:12,18886.70,50,123250
20221129,09:15:13,18884.70,50,123250
20221129,09:15:14,18886.75,50,123250
20221129,09:15:27,18898.45,50,123250
20221129,09:15:30,18899.05,100,123250
20221129,09:15:35,18901.95,100,123250
20221129,09:15:36,18896.25,200,123250
20221129,09:15:40,18899.20,150,123250
20221129,09:15:43,18902.00,100,123250
20221129,09:15:45,18903.00,100,123250
20221129,09:15:46,18903.10,50,123250
20221129,09:15:48,18903.35,100,123250
20221129,09:15:51,18903.85,1000,123250
20221129,09:15:52,18903.70,50,123250
20221129,09:15:53,18902.90,50,123250
20221129,09:15:54,18902.70,50,123250
20221129,09:15:56,18904.00,50,123250
20221129,09:15:57,18904.00,50,123250
20221129,09:15:59,18902.90,100,123250
20221129,09:16:01,18898.60,50,123250
20221129,09:16:03,18904.35,250,123250
20221129,09:16:07,18900.30,100,123250
20221129,09:16:10,18900.45,50,123250
20221129,09:16:13,18894.05,200,123250
20221129,09:16:19,18902.90,1000,123250
20221129,09:16:29,18902.90,300,123250
20221129,09:16:30,18900.05,150,123250
20221129,09:16:43,18903.95,50,123250
20221129,09:16:44,18905.00,50,123250
20221129,09:16:46,18907.00,50,123250
20221129,09:16:53,18910.40,400,123250
20221129,09:16:56,18911.75,50,123250
20221129,09:17:01,18912.00,150,123250
20221129,09:17:06,18913.45,300,123250
20221129,09:17:12,18913.45,50,123250
20221129,09:17:13,18913.40,50,123250
20221129,09:17:27,18910.00,600,124950
20221129,09:17:36,18904.95,100,124950
20221129,09:17:38,18909.80,50,124950
20221129,09:17:42,18908.20,50,124950
20221129,09:17:57,18908.00,100,124950
20221129,09:17:59,18905.10,50,124950
20221129,09:18:02,18905.30,250,124950
20221129,09:18:21,18907.50,50,124950
20221129,09:18:27,18907.30,50,124950
20221129,09:18:30,18910.00,50,124950
20221129,09:18:43,18909.45,50,124950
20221129,09:18:44,18910.00,200,124950
20221129,09:18:52,18911.65,50,124950
20221129,09:18:53,18910.00,50,124950
20221129,09:19:00,18908.85,450,124950
20221129,09:19:08,18909.55,50,124950
20221129,09:19:18,18907.00,50,124950
20221129,09:19:23,18907.00,50,124950
20221129,09:19:37,18909.50,50,124950
20221129,09:19:38,18907.00,50,124950
20221129,09:19:50,18910.00,150,124950
20221129,09:19:52,18911.65,50,124950
20221129,09:19:54,18911.65,150,124950
20221129,09:19:58,18911.95,100,124950
20221129,09:20:02,18913.00,100,124950
20221129,09:20:16,18910.25,50,124950
20221129,09:20:50,18912.00,50,125550
20221129,09:20:51,18913.00,100,125550
20221129,09:21:14,18913.00,50,125550
20221129,09:21:15,18913.00,50,125550
20221129,09:21:16,18915.00,50,125550
20221129,09:21:37,18915.05,50,125550
20221129,09:21:39,18918.70,100,125550
20221129,09:21:44,18918.70,50,125550
20221129,09:21:47,18915.00,50,125550
20221129,09:21:49,18915.00,50,125550
20221129,09:21:53,18915.00,50,125550
20221129,09:21:55,18915.75,50,125550
20221129,09:22:09,18915.00,200,125550
20221129,09:22:22,18913.00,50,125550
20221129,09:22:54,18913.00,50,125550
20221129,09:23:03,18915.00,50,125550
20221129,09:23:08,18918.00,50,125550
20221129,09:23:34,18918.00,100,125550
20221129,09:23:40,18918.70,50,126050
20221129,09:23:55,18919.05,50,126050
20221129,09:23:56,18920.00,100,126050
20221129,09:24:00,18920.50,200,126050
20221129,09:24:01,18920.50,250,126050
20221129,09:24:06,18920.70,100,126050
20221129,09:24:20,18920.85,50,126050
20221129,09:24:22,18924.60,50,126050
20221129,09:24:23,18924.60,50,126050
20221129,09:24:36,18920.70,50,126050
20221129,09:24:58,18923.95,50,126050
20221129,09:25:51,18923.00,50,126050
20221129,09:26:19,18922.85,50,126100
20221129,09:26:32,18922.85,50,126100
20221129,09:26:44,18923.00,50,126100
20221129,09:27:34,18923.00,100,126100
20221129,09:27:36,18924.00,100,126100
20221129,09:27:41,18924.00,250,126100
20221129,09:27:43,18924.50,50,126100
20221129,09:27:45,18924.50,150,126100
20221129,09:27:47,18925.00,550,126100
20221129,09:27:58,18928.85,50,126100
20221129,09:28:02,18929.00,50,126100
20221129,09:28:04,18929.00,50,126100
20221129,09:28:10,18927.00,150,126100
20221129,09:28:23,18927.00,50,126100
20221129,09:28:24,18929.90,100,126100
20221129,09:28:29,18929.90,50,126100
20221129,09:28:49,18926.05,450,126100
20221129,09:29:01,18927.00,50,126100
20221129,09:29:05,18927.00,50,126100
20221129,09:29:18,18926.00,100,126100
20221129,09:29:31,18926.00,50,125950
20221129,09:29:55,18925.00,50,125950
20221129,09:30:01,18925.00,50,125950
20221129,09:30:03,18925.75,200,125950
20221129,09:30:10,18926.95,50,125950
20221129,09:30:26,18925.00,50,125950
20221129,09:30:40,18925.10,50,125950
20221129,09:30:43,18926.60,50,125950
20221129,09:30:50,18923.00,100,125950
20221129,09:31:08,18922.85,50,125950
20221129,09:31:14,18923.00,100,125950
20221129,09:31:37,18923.00,500,125950
20221129,09:31:58,18920.25,100,125950
20221129,09:32:02,18920.40,100,125950
20221129,09:32:08,18923.00,300,125950
20221129,09:32:20,18926.40,150,125950
20221129,09:32:41,18926.40,50,125950
20221129,09:32:43,18926.60,50,126700
20221129,09:33:06,18926.60,50,126700
20221129,09:33:10,18926.60,50,126700
20221129,09:33:11,18926.60,50,126700
20221129,09:33:18,18925.65,50,126700
20221129,09:33:36,18925.15,50,126700
20221129,09:33:37,18924.15,200,126700
20221129,09:34:07,18924.35,50,126700
20221129,09:34:13,18924.00,50,126700
20221129,09:34:21,18923.60,50,126700
20221129,09:35:09,18923.60,150,126700
20221129,09:35:15,18924.00,50,126700
20221129,09:35:19,18925.60,200,126700
20221129,09:35:32,18926.80,50,127400
20221129,09:35:35,18926.85,250,127400
20221129,09:35:42,18926.00,50,127400
20221129,09:35:46,18921.95,50,127400
20221129,09:36:09,18923.70,50,127400
20221129,09:36:14,18925.00,50,127400
20221129,09:36:15,18925.10,50,127400
20221129,09:36:17,18927.70,900,127400
20221129,09:36:25,18927.70,50,127400
20221129,09:36:32,18929.00,50,127400
20221129,09:36:43,18929.00,50,127400
20221129,09:37:11,18926.55,50,127400
20221129,09:37:17,18926.60,50,127400
20221129,09:37:22,18926.60,50,127400
20221129,09:37:27,18926.65,50,127400
20221129,09:37:37,18926.90,50,127400
20221129,09:37:49,18926.90,100,127400
20221129,09:37:50,18926.90,50,127400
20221129,09:37:57,18925.00,300,127400
20221129,09:38:59,18925.00,100,127400
20221129,09:39:19,18925.00,100,128800
20221129,09:39:34,18921.05,50,128800
20221129,09:39:59,18921.00,50,128800
20221129,09:40:22,18924.10,50,128800
20221129,09:40:23,18920.95,50,128800
20221129,09:40:24,18920.00,100,128800
20221129,09:40:35,18920.05,50,128800
20221129,09:40:45,18920.00,100,128800
20221129,09:41:11,18920.05,50,128800
20221129,09:41:22,18922.00,100,129050
20221129,09:42:50,18922.80,50,129050
20221129,09:43:24,18923.50,50,129050
20221129,09:43:27,18923.10,50,129050
20221129,09:44:17,18924.45,50,129050
20221129,09:44:19,18924.45,50,129050
20221129,09:44:47,18923.00,50,129300
20221129,09:45:20,18920.05,100,129300
20221129,09:45:29,18920.05,50,129300
20221129,09:45:41,18920.00,50,129300
20221129,09:45:55,18920.05,50,129300
20221129,09:45:56,18920.00,50,129300
20221129,09:46:13,18920.15,100,129300
20221129,09:46:46,18920.15,50,129300
20221129,09:46:49,18920.15,50,129300
20221129,09:46:50,18920.15,100,129300
20221129,09:46:51,18920.15,100,129300
20221129,09:46:55,18920.15,50,129300
20221129,09:46:59,18920.15,200,129300
20221129,09:47:00,18920.15,100,129300
20221129,09:47:13,18920.00,400,129300
20221129,09:47:21,18916.20,50,129300
20221129,09:48:10,18917.00,50,129100
20221129,09:48:16,18918.50,50,129100
20221129,09:48:47,18917.00,50,129100
20221129,09:49:01,18917.00,50,129100
20221129,09:49:03,18917.00,50,129100
20221129,09:49:10,18917.00,50,129100
20221129,09:49:11,18917.00,50,129100
20221129,09:49:13,18917.00,150,129100
20221129,09:49:14,18917.00,50,129100
20221129,09:49:22,18916.00,350,129100
20221129,09:49:23,18916.00,50,129100
20221129,09:49:25,18916.00,100,129100
20221129,09:49:26,18915.20,50,129100
20221129,09:49:55,18915.00,150,129100
20221129,09:50:16,18918.45,100,129100
20221129,09:50:27,18915.00,50,129600
20221129,09:50:32,18918.15,200,129600
20221129,09:50:47,18915.85,100,129600
20221129,09:50:54,18918.50,50,129600
20221129,09:50:58,18918.50,50,129600
20221129,09:51:00,18919.00,250,129600
20221129,09:51:10,18919.00,100,129600
20221129,09:51:12,18919.00,200,129600
20221129,09:51:13,18919.00,350,129600
20221129,09:51:44,18919.00,50,129600
20221129,09:52:06,18919.00,100,129600
20221129,09:52:09,18919.00,100,129600
20221129,09:52:12,18919.00,300,129600
20221129,09:52:21,18921.00,50,129600
20221129,09:52:49,18922.90,100,129600
20221129,09:52:50,18922.90,50,129600
20221129,09:53:01,18922.95,50,129600
20221129,09:53:10,18922.95,50,129600
20221129,09:53:14,18923.00,100,129600
20221129,09:54:28,18919.85,50,129950
20221129,09:54:33,18919.30,50,129950
20221129,09:55:44,18919.00,100,129950
20221129,09:55:46,18919.00,50,129950
20221129,09:56:11,18919.00,100,129950
20221129,09:56:22,18919.00,50,129950
20221129,09:56:29,18918.90,50,130300
20221129,09:56:54,18921.00,50,130300
20221129,09:57:01,18922.00,50,130300
20221129,09:57:10,18922.00,100,130300
20221129,09:57:21,18922.00,50,130300
20221129,09:57:34,18917.50,750,130300
20221129,09:57:48,18922.00,150,130300
20221129,09:57:50,18922.00,100,130300
20221129,09:57:58,18922.00,50,130300
20221129,09:57:59,18922.50,50,130300
20221129,09:58:06,18922.50,50,130300
20221129,09:58:19,18922.95,50,130300
20221129,09:58:23,18922.50,50,130300
20221129,09:58:37,18923.00,50,130300
20221129,09:58:48,18925.00,150,130300
20221129,09:58:49,18925.00,100,130300
20221129,09:59:00,18924.00,50,130300
20221129,09:59:02,18925.00,50,130300
20221129,09:59:03,18925.90,350,130300
20221129,09:59:11,18925.00,50,130300
20221129,09:59:15,18926.00,150,130300
20221129,09:59:15,18925.00,50,130300
20221129,09:59:19,18925.65,100,130300
20221129,09:59:21,18927.10,50,130300
20221129,09:59:27,18926.90,50,130300
20221129,09:59:29,18927.15,50,132250
20221129,09:59:31,18927.00,300,132250
20221129,09:59:32,18927.15,100,132250
20221129,09:59:35,18927.15,50,132250
20221129,09:59:36,18927.90,100,132250
20221129,09:59:37,18927.15,100,132250
20221129,09:59:41,18927.15,50,132250
20221129,09:59:42,18927.15,50,132250
20221129,09:59:45,18927.15,50,132250
20221129,09:59:47,18926.00,200,132250
20221129,09:59:58,18929.40,50,132250
20221129,10:00:00,18926.00,150,132250
20221129,10:00:08,18926.05,50,132250
20221129,10:00:12,18929.15,200,132250
20221129,10:00:14,18926.85,50,132250
20221129,10:00:16,18929.00,150,132250
20221129,10:00:18,18929.00,200,132250
20221129,10:00:28,18927.05,50,132250
20221129,10:00:29,18929.70,200,132250
20221129,10:00:31,18929.90,50,132250
20221129,10:00:32,18927.00,200,132250
20221129,10:00:34,18929.90,100,132250
20221129,10:00:35,18927.00,50,132250
20221129,10:00:42,18927.00,50,132250
20221129,10:00:43,18927.00,50,132250
20221129,10:00:46,18927.00,50,132250
20221129,10:00:49,18928.85,50,132250
20221129,10:00:52,18927.00,50,132250
20221129,10:01:02,18927.00,50,132250
20221129,10:01:03,18927.00,50,132250
20221129,10:01:04,18927.00,100,132250
20221129,10:01:08,18927.80,50,132250
20221129,10:01:10,18927.95,200,132250
20221129,10:01:16,18928.00,250,132250
20221129,10:01:18,18927.80,100,132250
20221129,10:01:21,18927.35,100,132250
20221129,10:01:22,18927.00,750,132250
20221129,10:01:35,18927.00,50,132250
20221129,10:01:46,18927.70,50,132250
20221129,10:01:48,18927.95,50,132250
20221129,10:01:52,18927.00,50,132250
20221129,10:01:59,18924.60,250,132250
20221129,10:02:04,18926.50,50,132250
20221129,10:02:07,18926.00,50,132250
20221129,10:02:08,18926.00,50,132250
20221129,10:02:17,18924.55,50,132250
20221129,10:02:22,18924.60,50,132250
20221129,10:02:25,18924.70,50,132250
20221129,10:02:33,18926.45,50,134950
20221129,10:02:44,18927.00,200,134950
20221129,10:02:49,18926.85,250,134950
20221129,10:02:51,18927.00,50,134950
20221129,10:02:55,18927.00,50,134950
20221129,10:03:01,18924.00,150,134950
20221129,10:03:04,18925.65,50,134950
20221129,10:03:06,18926.05,50,134950
20221129,10:03:14,18925.95,50,134950
20221129,10:03:16,18925.95,50,134950
20221129,10:03:18,18926.00,100,134950
20221129,10:03:27,18925.95,50,134950
20221129,10:03:59,18925.95,50,134950
20221129,10:04:13,18925.95,250,134950
20221129,10:04:13,18925.95,50,134950
20221129,10:04:31,18925.00,50,134950
20221129,10:04:32,18925.65,50,134950
20221129,10:04:41,18925.00,50,134950
20221129,10:04:42,18925.65,50,134950
20221129,10:04:43,18924.10,50,134950
20221129,10:04:50,18924.10,50,134950
20221129,10:04:54,18924.10,50,134950
20221129,10:05:30,18925.00,50,136100
20221129,10:05:31,18925.95,50,136100
20221129,10:05:39,18924.10,100,136100
20221129,10:05:42,18925.95,50,136100
20221129,10:05:50,18925.95,50,136100
20221129,10:05:51,18925.00,50,136100
20221129,10:05:55,18925.95,50,136100
20221129,10:06:12,18925.95,200,136100
20221129,10:06:17,18925.00,50,136100
20221129,10:06:24,18924.10,50,136100
20221129,10:06:30,18925.35,250,136100
20221129,10:06:37,18924.00,50,136100
20221129,10:06:41,18925.35,50,136100
20221129,10:06:53,18926.00,100,136100
20221129,10:06:58,18926.85,50,136100
20221129,10:07:18,18927.70,50,136100
20221129,10:07:28,18926.85,450,136100
20221129,10:07:41,18927.45,50,136100
20221129,10:07:43,18926.85,50,136100
20221129,10:07:48,18926.85,50,136100
20221129,10:07:52,18926.00,50,136100
20221129,10:08:01,18926.00,250,136100
20221129,10:08:13,18926.00,50,136100
20221129,10:08:15,18926.00,50,136100
20221129,10:08:31,18926.00,100,137050
20221129,10:08:45,18926.00,50,137050
20221129,10:08:50,18926.85,50,137050
20221129,10:08:58,18926.85,50,137050
20221129,10:08:59,18926.85,50,137050
20221129,10:09:01,18926.85,50,137050
20221129,10:09:12,18926.85,200,137050
20221129,10:09:24,18927.10,50,137050
20221129,10:09:31,18927.10,50,137050
20221129,10:09:43,18928.00,50,137050
20221129,10:09:47,18927.95,50,137050
20221129,10:09:54,18928.00,50,137050
20221129,10:09:56,18927.95,50,137050
20221129,10:09:59,18928.60,250,137050
20221129,10:10:05,18927.85,50,137050
20221129,10:10:44,18928.65,50,137050
20221129,10:10:55,18928.00,50,137050
20221129,10:11:05,18929.00,50,137050
20221129,10:11:09,18929.90,50,137050
20221129,10:11:11,18929.95,50,137050
20221129,10:11:19,18929.95,50,137050
20221129,10:11:21,18929.95,50,137050
20221129,10:11:22,18929.95,50,137050
20221129,10:11:24,18930.00,100,137050
20221129,10:11:32,18930.00,50,137950
20221129,10:11:33,18930.00,50,137950
20221129,10:11:38,18930.00,350,137950
20221129,10:11:45,18930.00,50,137950
20221129,10:11:52,18930.00,50,137950
20221129,10:11:54,18930.00,50,137950
20221129,10:12:00,18930.00,50,137950
20221129,10:12:25,18930.00,350,137950
20221129,10:12:35,18929.00,50,137950
20221129,10:12:40,18929.50,150,137950
20221129,10:12:42,18929.50,50,137950
20221129,10:13:08,18930.00,200,137950
20221129,10:13:09,18930.00,150,137950
20221129,10:13:10,18931.00,250,137950
20221129,10:13:24,18932.85,50,137950
20221129,10:13:39,18934.00,100,137950
20221129,10:13:54,18934.00,50,137950
20221129,10:13:55,18935.00,100,137950
20221129,10:13:59,18935.00,50,137950
20221129,10:14:01,18935.00,50,137950
20221129,10:14:04,18934.00,50,137950
20221129,10:14:06,18935.00,50,137950
20221129,10:14:16,18935.00,50,137950
20221129,10:14:18,18935.00,50,137950
20221129,10:14:31,18934.00,50,138650
20221129,10:14:37,18934.00,50,138650
20221129,10:14:46,18935.00,100,138650
20221129,10:14:49,18934.00,50,138650
20221129,10:14:57,18934.00,50,138650
20221129,10:15:32,18935.00,750,138650
20221129,10:15:33,18935.95,50,138650
20221129,10:15:35,18935.95,50,138650
20221129,10:15:42,18935.95,100,138650
20221129,10:15:50,18936.00,50,138650
20221129,10:15:54,18936.00,50,138650
20221129,10:16:17,18935.95,50,138650
20221129,10:16:20,18935.95,100,138650
20221129,10:16:21,18935.95,50,138650
20221129,10:16:26,18938.00,150,138650
20221129,10:16:50,18941.00,1500,138650
20221129,10:16:54,18941.00,50,138650
20221129,10:17:10,18939.55,50,138650
20221129,10:17:21,18939.95,50,138650
20221129,10:17:39,18940.00,50,139700
20221129,10:17:44,18941.25,100,139700
20221129,10:17:47,18941.25,50,139700
20221129,10:17:50,18940.00,50,139700
20221129,10:18:03,18940.00,50,139700
20221129,10:18:17,18941.25,100,139700
20221129,10:18:18,18942.00,50,139700
20221129,10:18:35,18942.00,200,139700
20221129,10:18:39,18942.00,50,139700
20221129,10:18:48,18944.30,100,139700
20221129,10:18:57,18944.30,50,139700
20221129,10:19:16,18941.85,50,139700
20221129,10:19:58,18943.30,100,139700
20221129,10:20:08,18943.00,100,139700
20221129,10:20:27,18942.00,150,139700
20221129,10:20:43,18941.85,50,140100
20221129,10:20:46,18941.85,150,140100
20221129,10:21:23,18941.50,50,140100
20221129,10:21:28,18942.35,50,140100
20221129,10:21:31,18942.00,50,140100
20221129,10:21:43,18941.70,50,140100
20221129,10:21:50,18940.00,150,140100
20221129,10:22:09,18940.00,100,140100
20221129,10:23:15,18938.00,200,140100
20221129,10:23:29,18937.00,150,140100
20221129,10:24:01,18940.00,200,140700
20221129,10:24:10,18937.30,150,140700
20221129,10:24:23,18938.00,100,140700
20221129,10:24:30,18937.85,150,140700
20221129,10:24:35,18937.85,50,140700
20221129,10:24:51,18938.05,50,140700
20221129,10:25:06,18938.25,50,140700
20221129,10:25:08,18941.00,100,140700
20221129,10:25:14,18944.35,300,140700
20221129,10:25:27,18944.35,250,140700
20221129,10:25:45,18943.65,50,140700
20221129,10:25:51,18938.05,50,140700
20221129,10:26:05,18940.05,50,140700
20221129,10:26:46,18945.00,450,141300
20221129,10:27:04,18945.00,50,141300
20221129,10:27:17,18943.00,50,141300
20221129,10:27:39,18945.00,50,141300
20221129,10:27:44,18943.05,300,141300
20221129,10:27:52,18945.95,50,141300
20221129,10:28:16,18945.95,50,141300
20221129,10:28:27,18945.80,50,141300
20221129,10:28:50,18943.00,50,141300
20221129,10:28:52,18945.75,50,141300
20221129,10:28:53,18943.00,50,141300
20221129,10:29:01,18944.00,50,141300
20221129,10:29:06,18943.00,300,141300
20221129,10:29:16,18940.10,550,141300
20221129,10:29:27,18940.60,50,141300
20221129,10:29:34,18940.20,200,141250
20221129,10:29:45,18945.00,50,141250
20221129,10:29:48,18941.60,150,141250
20221129,10:30:03,18941.60,150,141250
20221129,10:30:20,18941.60,150,141250
20221129,10:30:27,18945.75,100,141250
20221129,10:30:35,18945.75,50,141250
20221129,10:30:55,18943.00,50,141250
20221129,10:30:57,18946.20,700,141250
20221129,10:31:05,18946.25,150,141250
20221129,10:31:13,18946.25,50,141250
20221129,10:31:28,18946.30,50,141250
20221129,10:31:34,18946.30,50,141250
20221129,10:31:39,18946.25,100,141250
20221129,10:31:42,18945.75,50,141250
20221129,10:31:44,18945.00,50,141250
20221129,10:31:51,18946.25,50,141250
20221129,10:32:00,18946.20,50,141250
20221129,10:32:11,18946.20,50,141250
20221129,10:32:20,18945.00,200,141250
20221129,10:32:36,18946.15,350,142500
20221129,10:32:46,18946.15,50,142500
20221129,10:33:41,18945.00,50,142500
20221129,10:33:52,18946.15,200,142500
20221129,10:34:01,18946.15,300,142500
20221129,10:34:26,18945.70,50,142500
20221129,10:34:38,18944.90,50,142500
20221129,10:35:02,18944.90,50,142500
20221129,10:35:20,18945.70,50,142500
20221129,10:36:28,18946.30,200,143000
20221129,10:36:41,18945.70,50,143000
20221129,10:36:44,18945.70,50,143000
20221129,10:36:53,18945.70,50,143000
20221129,10:36:54,18945.40,50,143000
20221129,10:36:55,18945.00,100,143000
20221129,10:36:55,18944.85,50,143000
20221129,10:36:56,18942.05,50,143000
20221129,10:37:29,18942.10,50,143000
20221129,10:37:40,18946.20,150,143000
20221129,10:37:55,18946.20,50,143000
20221129,10:37:56,18946.20,50,143000
20221129,10:38:03,18946.20,50,143000
20221129,10:38:06,18946.20,50,143000
20221129,10:38:11,18946.20,50,143000
20221129,10:38:21,18946.20,50,143000
20221129,10:38:25,18946.20,250,143000
20221129,10:38:29,18946.20,50,143000
20221129,10:38:32,18946.30,50,143000
20221129,10:38:35,18946.20,50,144200
20221129,10:38:45,18946.20,50,144200
20221129,10:38:47,18946.20,50,144200
20221129,10:38:52,18946.00,50,144200
20221129,10:38:56,18946.00,50,144200
20221129,10:38:58,18946.50,50,144200
20221129,10:39:06,18946.50,50,144200
20221129,10:39:09,18942.95,50,144200
20221129,10:39:11,18946.50,50,144200
20221129,10:39:17,18943.35,200,144200
20221129,10:39:56,18946.55,50,144200
20221129,10:39:58,18946.55,50,144200
20221129,10:40:03,18946.20,50,144200
20221129,10:40:13,18946.15,50,144200
20221129,10:40:23,18946.20,50,144200
20221129,10:40:36,18946.20,50,144200
20221129,10:40:57,18949.00,500,144200
20221129,10:41:14,18949.25,100,144200
20221129,10:41:31,18949.25,100,144200
20221129,10:41:36,18949.25,50,145100
20221129,10:41:47,18949.25,50,145100
20221129,10:41:56,18949.30,50,145100
20221129,10:41:59,18949.30,50,145100
20221129,10:42:35,18947.00,50,145100
20221129,10:43:33,18947.05,50,145100
20221129,10:44:07,18946.50,50,145100
20221129,10:44:23,18945.00,50,145100
20221129,10:44:38,18945.00,50,145400
20221129,10:44:48,18945.00,50,145400
20221129,10:44:53,18945.00,50,145400
20221129,10:44:56,18945.00,50,145400
20221129,10:45:17,18947.00,50,145400
20221129,10:45:47,18947.25,50,145400
20221129,10:45:52,18948.00,50,145400
20221129,10:46:37,18948.00,50,145400
20221129,10:46:44,18948.70,50,145400
20221129,10:46:46,18948.00,50,145400
20221129,10:46:47,18948.00,50,145400
20221129,10:46:54,18948.00,50,145400
20221129,10:46:56,18947.75,50,145400
20221129,10:47:29,18948.00,150,145400
20221129,10:47:40,18947.00,50,145950
20221129,10:47:59,18944.60,50,145950
20221129,10:48:19,18947.00,50,145950
20221129,10:48:26,18947.95,50,145950
20221129,10:48:32,18945.00,50,145950
20221129,10:48:46,18945.05,200,145950
20221129,10:49:05,18948.00,50,145950
20221129,10:49:23,18948.00,50,145950
20221129,10:49:28,18948.00,100,145950
20221129,10:49:32,18948.00,50,145950
20221129,10:49:33,18948.75,50,145950
20221129,10:49:36,18948.70,50,145950
20221129,10:49:44,18948.00,50,145950
20221129,10:49:45,18948.70,50,145950
20221129,10:49:50,18948.00,50,145950
20221129,10:49:52,18948.50,100,145950
20221129,10:50:31,18948.00,150,145950
20221129,10:50:53,18949.00,200,146250
20221129,10:51:06,18949.95,250,146250
20221129,10:51:42,18950.00,900,146250
20221129,10:51:44,18951.00,100,146250
20221129,10:51:45,18951.00,100,146250
20221129,10:51:47,18950.00,50,146250
20221129,10:51:50,18950.00,50,146250
20221129,10:51:55,18949.95,50,146250
20221129,10:51:58,18949.95,50,146250
20221129,10:52:03,18949.95,50,146250
20221129,10:52:05,18949.95,50,146250
20221129,10:52:12,18951.00,50,146250
20221129,10:52:22,18947.15,200,146250
20221129,10:52:26,18951.85,150,146250
20221129,10:52:41,18951.85,50,146250
20221129,10:52:50,18951.55,50,146250
20221129,10:52:56,18951.60,100,146250
20221129,10:53:09,18951.60,50,146250
20221129,10:53:17,18951.00,50,146250
20221129,10:54:03,18948.30,100,148150
20221129,10:54:08,18951.00,150,148150
20221129,10:54:13,18948.10,50,148150
20221129,10:54:47,18950.00,50,148150
20221129,10:54:57,18950.00,50,148150
20221129,10:55:26,18950.00,50,148150
20221129,10:55:33,18948.00,50,148150
20221129,10:55:35,18950.00,100,148150
20221129,10:56:11,18950.00,100,148150
20221129,10:57:45,18951.10,50,148450
20221129,10:58:02,18951.50,50,148450
20221129,10:58:14,18950.05,100,148450
20221129,10:58:25,18953.00,50,148450
20221129,10:58:47,18954.70,100,148450
20221129,10:59:03,18955.00,50,148450
20221129,10:59:15,18955.00,100,148450
20221129,10:59:43,18956.00,500,148750
20221129,10:59:46,18956.00,100,148750
20221129,10:59:47,18956.75,300,148750
20221129,10:59:49,18956.75,50,148750
20221129,10:59:55,18955.00,100,148750
20221129,11:00:07,18955.00,50,148750
20221129,11:00:18,18955.00,50,148750
20221129,11:00:21,18956.00,100,148750
20221129,11:00:58,18955.50,50,148750
20221129,11:01:03,18957.95,200,148750
20221129,11:01:12,18957.95,100,148750
20221129,11:01:15,18955.00,50,148750
20221129,11:01:29,18953.75,50,148750
20221129,11:02:03,18955.05,50,148750
20221129,11:02:10,18956.00,100,148750
20221129,11:02:16,18958.65,50,148750
20221129,11:02:25,18958.65,50,148750
20221129,11:02:33,18957.00,200,148750
20221129,11:02:47,18956.00,50,148750
20221129,11:02:57,18958.80,100,149950
20221129,11:02:58,18958.80,100,149950
20221129,11:03:05,18956.00,50,149950
20221129,11:03:41,18959.70,50,149950
20221129,11:03:48,18959.90,50,149950
20221129,11:04:06,18959.90,50,149950
20221129,11:04:14,18959.95,100,149950
20221129,11:04:20,18959.95,50,149950
20221129,11:04:33,18959.95,100,149950
20221129,11:04:35,18959.95,50,149950
20221129,11:04:51,18959.95,150,149950
20221129,11:05:00,18959.95,50,149950
20221129,11:05:06,18958.00,50,149950
20221129,11:05:20,18959.00,50,149950
20221129,11:05:29,18960.00,100,149950
20221129,11:05:35,18960.00,550,149950
20221129,11:05:49,18962.00,50,150600
20221129,11:05:54,18962.00,100,150600
20221129,11:05:57,18961.40,50,150600
20221129,11:06:05,18965.00,300,150600
20221129,11:06:08,18965.00,50,150600
20221129,11:06:09,18966.30,200,150600
20221129,11:06:12,18962.25,50,150600
20221129,11:06:21,18965.00,50,150600
20221129,11:06:28,18965.00,100,150600
20221129,11:06:31,18965.05,50,150600
20221129,11:06:35,18966.00,50,150600
20221129,11:06:42,18967.00,50,150600
20221129,11:06:46,18967.00,50,150600
20221129,11:07:05,18967.05,50,150600
20221129,11:07:28,18967.05,400,150600
20221129,11:07:31,18966.10,50,150600
20221129,11:07:31,18966.00,50,150600
20221129,11:07:32,18965.45,50,150600
20221129,11:07:43,18965.00,100,150600
20221129,11:07:50,18965.00,50,150600
20221129,11:07:51,18965.00,50,150600
20221129,11:08:04,18965.00,50,150600
20221129,11:08:17,18965.00,100,150600
20221129,11:08:19,18958.95,1800,150600
20221129,11:08:34,18956.25,1200,150600
20221129,11:09:31,18965.00,50,150450
20221129,11:09:33,18965.00,50,150450
20221129,11:09:39,18965.00,400,150450
20221129,11:10:39,18964.90,50,150450
20221129,11:10:51,18961.50,50,150450
20221129,11:11:18,18964.80,50,150450
20221129,11:11:22,18961.80,50,150450
20221129,11:11:51,18965.00,50,150650
20221129,11:12:12,18962.95,50,150650
20221129,11:12:31,18962.95,50,150650
20221129,11:13:04,18962.00,50,150650
20221129,11:13:20,18964.95,50,150650
20221129,11:13:35,18964.95,50,150650
20221129,11:14:13,18963.00,50,150650
20221129,11:14:35,18963.00,50,150650
20221129,11:14:39,18962.40,50,150650
20221129,11:14:59,18963.00,200,150650
20221129,11:15:18,18962.40,150,150650
20221129,11:15:21,18962.85,50,150650
20221129,11:15:32,18963.00,50,150650
20221129,11:15:36,18962.85,50,150650
20221129,11:15:38,18962.85,50,150650
20221129,11:15:42,18962.85,100,150650
20221129,11:15:49,18962.85,50,150650
20221129,11:16:01,18964.25,100,150650
20221129,11:16:18,18961.80,50,150650
20221129,11:16:34,18961.80,100,150650
20221129,11:16:40,18962.00,200,150650
20221129,11:16:47,18964.95,50,150650
20221129,11:16:50,18961.90,50,150650
20221129,11:17:58,18964.95,50,151150
20221129,11:18:10,18965.00,50,151150
20221129,11:18:21,18962.00,50,151150
20221129,11:18:33,18965.15,100,151150
20221129,11:18:59,18962.00,50,151150
20221129,11:19:04,18962.00,100,151150
20221129,11:19:08,18964.85,50,151150
20221129,11:19:16,18964.90,50,151150
20221129,11:19:29,18964.90,50,151150
20221129,11:19:45,18964.00,50,151150
20221129,11:20:01,18964.00,50,151150
20221129,11:20:03,18963.15,50,151150
20221129,11:20:19,18964.95,50,151150
20221129,11:20:38,18965.00,50,151150
20221129,11:20:51,18965.00,50,151650
20221129,11:20:54,18965.00,200,151650
20221129,11:20:56,18965.00,100,151650
20221129,11:20:58,18965.05,50,151650
20221129,11:20:59,18965.25,50,151650
20221129,11:21:02,18965.70,50,151650
20221129,11:21:09,18965.75,50,151650
20221129,11:21:36,18966.45,50,151650
20221129,11:22:17,18966.45,50,151650
20221129,11:22:21,18965.70,50,151650
20221129,11:22:29,18965.00,50,151650
20221129,11:22:30,18966.40,50,151650
20221129,11:22:37,18963.20,50,151650
20221129,11:22:48,18964.75,50,151650
20221129,11:22:56,18963.45,50,151650
20221129,11:23:03,18963.15,50,151650
20221129,11:23:04,18960.00,450,151650
20221129,11:23:05,18956.75,50,151650
20221129,11:23:07,18957.55,50,151650
20221129,11:23:24,18957.55,50,151650
20221129,11:24:04,18957.00,100,151950
20221129,11:24:15,18957.55,50,151950
20221129,11:24:17,18957.55,50,151950
20221129,11:24:18,18959.00,50,151950
20221129,11:24:22,18957.55,50,151950
20221129,11:24:27,18957.40,50,151950
20221129,11:24:29,18957.00,100,151950
20221129,11:24:39,18958.00,50,151950
20221129,11:24:49,18958.00,50,151950
20221129,11:25:27,18958.00,50,151950
20221129,11:25:35,18957.00,50,151950
20221129,11:25:54,18958.00,50,151950
20221129,11:26:07,18957.00,50,151950
20221129,11:26:22,18958.00,100,151950
20221129,11:26:36,18958.00,50,151950
20221129,11:27:06,18954.15,1300,152300
20221129,11:27:25,18956.35,200,152300
20221129,11:27:28,18956.90,50,152300
20221129,11:27:36,18954.00,50,152300
20221129,11:27:44,18954.95,50,152300
20221129,11:27:57,18953.95,50,152300
20221129,11:28:06,18954.00,50,152300
20221129,11:28:19,18950.25,100,152300
20221129,11:28:24,18948.90,100,152300
20221129,11:28:29,18953.55,50,152300
20221129,11:28:52,18950.00,50,152300
20221129,11:28:58,18952.95,50,152300
20221129,11:29:02,18950.00,50,152300
20221129,11:29:13,18950.30,50,152300
20221129,11:29:22,18950.30,50,152300
20221129,11:29:44,18950.95,50,152050
20221129,11:30:52,18954.00,50,152050
20221129,11:30:53,18953.35,50,152050
20221129,11:30:59,18953.40,50,152050
20221129,11:31:02,18953.90,250,152050
20221129,11:31:19,18955.00,100,152050
20221129,11:31:23,18955.00,50,152050
20221129,11:32:00,18954.95,50,152050
20221129,11:32:45,18954.45,50,152050
20221129,11:33:06,18954.00,50,152150
20221129,11:33:28,18950.20,450,152150
20221129,11:33:58,18951.55,50,152150
20221129,11:34:14,18950.25,850,152150
20221129,11:34:40,18952.95,50,152150
20221129,11:35:13,18954.00,50,152150
20221129,11:35:24,18954.00,100,152150
20221129,11:35:31,18954.50,50,152150
20221129,11:35:33,18954.10,50,152150
20221129,11:36:15,18956.00,50,151600
20221129,11:36:17,18955.00,50,151600
20221129,11:36:28,18953.10,50,151600
20221129,11:36:30,18955.00,50,151600
20221129,11:36:59,18955.00,50,151600
20221129,11:37:19,18958.30,100,151600
20221129,11:37:47,18958.30,50,151600
20221129,11:38:22,18955.35,50,151600
20221129,11:38:41,18959.35,50,151600
20221129,11:38:58,18955.00,200,151850
20221129,11:39:00,18955.00,100,151850
20221129,11:39:31,18960.00,400,151850
20221129,11:39:33,18956.00,50,151850
20221129,11:39:34,18956.00,100,151850
20221129,11:39:44,18956.00,700,151850
20221129,11:40:43,18955.00,50,151850
20221129,11:41:19,18955.00,50,151850
20221129,11:41:24,18954.70,100,151850
20221129,11:41:43,18957.65,100,151850
20221129,11:41:54,18953.90,50,151300
20221129,11:42:02,18957.60,150,151300
20221129,11:42:24,18957.60,50,151300
20221129,11:42:33,18957.50,100,151300
20221129,11:42:53,18957.55,50,151300
20221129,11:43:37,18956.95,50,151300
20221129,11:44:13,18957.00,100,151300
20221129,11:45:27,18953.00,50,151500
20221129,11:45:35,18957.00,100,151500
20221129,11:46:17,18957.00,100,151500
20221129,11:47:27,18957.00,50,151500
20221129,11:47:40,18955.00,50,151500
20221129,11:47:44,18956.00,50,151500
20221129,11:47:49,18955.00,50,151650
20221129,11:47:58,18956.95,50,151650
20221129,11:49:59,18953.85,50,151650
20221129,11:50:12,18952.00,100,151650
20221129,11:50:38,18952.00,50,151650
20221129,11:50:54,18952.00,50,151850
20221129,11:50:56,18952.00,50,151850
20221129,11:51:04,18950.00,100,151850
20221129,11:51:05,18950.00,400,151850
20221129,11:51:42,18946.50,150,151850
20221129,11:52:51,18947.00,50,151850
20221129,11:53:30,18947.50,50,151850
20221129,11:54:01,18949.95,50,151850
20221129,11:54:44,18950.00,50,151750
20221129,11:54:55,18948.00,100,151750
20221129,11:55:02,18947.05,50,151750
20221129,11:55:03,18947.00,50,151750
20221129,11:56:25,18950.35,100,151750
20221129,11:56:27,18950.35,250,151750
20221129,11:58:40,18951.35,250,152150
20221129,11:59:37,18952.00,50,152150
20221129,12:00:14,18954.00,50,152300
20221129,12:00:16,18952.65,100,152300
20221129,12:00:37,18953.40,50,152300
20221129,12:02:11,18954.75,100,152300
20221129,12:03:08,18955.25,600,152450
20221129,12:03:23,18957.00,50,152450
20221129,12:03:25,18957.00,150,152450
20221129,12:04:05,18960.30,100,152450
20221129,12:04:12,18961.00,50,152450
20221129,12:04:26,18962.00,50,152450
20221129,12:05:09,18965.00,50,152450
20221129,12:05:15,18961.70,150,152450
20221129,12:05:28,18961.30,50,152450
20221129,12:06:16,18965.80,50,152350
20221129,12:07:13,18964.85,50,152350
20221129,12:07:22,18964.85,50,152350
20221129,12:07:27,18964.85,100,152350
20221129,12:07:43,18964.85,150,152350
20221129,12:07:45,18965.00,50,152350
20221129,12:08:12,18964.00,50,152350
20221129,12:08:17,18965.00,50,152350
20221129,12:08:31,18965.00,50,152350
20221129,12:08:36,18966.00,50,152350
20221129,12:09:06,18966.00,50,152350
20221129,12:09:09,18966.00,50,152450
20221129,12:09:19,18967.00,300,152450
20221129,12:09:21,18967.00,100,152450
20221129,12:09:24,18968.00,50,152450
20221129,12:09:30,18969.00,50,152450
20221129,12:09:35,18969.95,50,152450
20221129,12:09:46,18969.95,50,152450
20221129,12:09:48,18969.95,50,152450
20221129,12:10:01,18969.95,50,152450
20221129,12:10:05,18969.95,100,152450
20221129,12:10:09,18969.95,200,152450
20221129,12:10:17,18969.95,50,152450
20221129,12:10:37,18970.00,50,152450
20221129,12:10:42,18970.00,50,152450
20221129,12:10:59,18970.00,100,152450
20221129,12:11:04,18970.00,50,152450
20221129,12:11:06,18971.00,100,152450
20221129,12:11:28,18973.30,200,152450
20221129,12:11:37,18973.30,50,152450
20221129,12:11:43,18973.30,50,152450
20221129,12:11:46,18973.90,50,152450
20221129,12:11:52,18974.10,50,152450
20221129,12:12:04,18974.10,50,152300
20221129,12:12:35,18971.35,50,152300
20221129,12:12:36,18974.05,150,152300
20221129,12:12:38,18974.05,50,152300
20221129,12:12:39,18974.05,50,152300
20221129,12:12:40,18974.05,50,152300
20221129,12:12:55,18971.00,50,152300
20221129,12:13:04,18973.75,50,152300
20221129,12:13:05,18973.95,100,152300
20221129,12:13:07,18973.95,50,152300
20221129,12:14:04,18973.70,50,152300
20221129,12:14:28,18972.00,100,152300
20221129,12:14:37,18971.00,50,152300
20221129,12:14:39,18973.50,50,152300
20221129,12:14:54,18972.00,100,152200
20221129,12:14:57,18972.00,50,152200
20221129,12:15:05,18972.00,50,152200
20221129,12:15:44,18972.00,200,152200
20221129,12:15:53,18972.00,100,152200
20221129,12:16:02,18971.00,100,152200
20221129,12:16:13,18970.00,50,152200
20221129,12:17:19,18965.75,50,152200
20221129,12:17:20,18969.25,50,152200
20221129,12:18:30,18965.85,50,152300
20221129,12:19:54,18966.95,100,152300
20221129,12:19:56,18969.95,50,152300
20221129,12:20:28,18969.95,100,152300
20221129,12:20:52,18970.00,100,152300
20221129,12:21:09,18970.00,50,152250
20221129,12:22:08,18966.05,50,152250
20221129,12:22:30,18966.00,350,152250
20221129,12:23:20,18966.00,50,152250
20221129,12:23:37,18966.00,200,152250
20221129,12:23:41,18966.00,50,152250
20221129,12:23:42,18966.00,50,152250
20221129,12:23:50,18965.00,250,152250
20221129,12:24:32,18962.55,50,152250
20221129,12:25:25,18962.00,50,152250
20221129,12:26:04,18961.15,100,152250
20221129,12:26:08,18960.20,200,152250
20221129,12:26:16,18960.00,100,152250
20221129,12:26:27,18958.70,200,152250
20221129,12:26:39,18959.75,300,152250
20221129,12:26:55,18963.00,50,152100
20221129,12:27:18,18963.00,50,152100
20221129,12:27:24,18962.40,50,152100
20221129,12:27:25,18963.00,50,152100
20221129,12:27:28,18963.00,50,152100
20221129,12:27:40,18966.20,500,152100
20221129,12:28:00,18966.45,300,152100
20221129,12:28:15,18967.10,50,152100
20221129,12:28:55,18966.00,50,152100
20221129,12:29:07,18966.00,50,152100
20221129,12:29:43,18966.00,50,152100
20221129,12:29:49,18968.55,50,152100
20221129,12:31:08,18967.00,50,152600
20221129,12:31:09,18967.00,150,152600
20221129,12:31:31,18968.55,150,152600
20221129,12:32:10,18966.60,50,152600
20221129,12:32:27,18968.65,50,152600
20221129,12:32:38,18968.55,100,152600
20221129,12:32:43,18970.00,100,152600
20221129,12:33:29,18970.85,50,152350
20221129,12:34:21,18973.60,300,152350
20221129,12:34:28,18974.10,100,152350
20221129,12:34:43,18974.10,50,152350
20221129,12:34:44,18972.05,50,152350
20221129,12:35:23,18972.05,50,152350
20221129,12:35:37,18973.00,100,152350
20221129,12:35:48,18973.65,50,152350
20221129,12:35:54,18973.00,50,152350
20221129,12:36:06,18973.00,50,152250
20221129,12:36:09,18972.05,100,152250
20221129,12:36:15,18972.05,50,152250
20221129,12:36:44,18973.00,50,152250
20221129,12:36:49,18972.05,100,152250
20221129,12:37:07,18970.00,200,152250
20221129,12:37:18,18971.05,50,152250
20221129,12:38:27,18972.00,50,152250
20221129,12:38:55,18972.00,50,152250
20221129,12:39:54,18973.95,50,152400
20221129,12:40:04,18970.25,50,152400
20221129,12:40:06,18973.65,50,152400
20221129,12:40:50,18970.00,50,152400
20221129,12:41:12,18970.00,50,152400
20221129,12:41:20,18971.70,100,152400
20221129,12:41:22,18970.00,50,152400
20221129,12:41:25,18972.10,100,152400
20221129,12:41:35,18970.00,200,152400
20221129,12:42:01,18970.00,200,152700
20221129,12:42:02,18970.00,100,152700
20221129,12:42:08,18970.00,100,152700
20221129,12:43:06,18970.00,50,152700
20221129,12:43:07,18970.00,50,152700
20221129,12:43:26,18971.00,50,152700
20221129,12:43:33,18970.00,50,152700
20221129,12:43:48,18968.00,150,152700
20221129,12:45:37,18970.05,50,153300
20221129,12:45:38,18970.25,50,153300
20221129,12:46:35,18970.00,50,153300
20221129,12:47:13,18968.00,50,153300
20221129,12:47:28,18968.00,150,153300
20221129,12:48:42,18965.95,100,153450
20221129,12:49:04,18965.65,50,153450
20221129,12:49:08,18965.40,50,153450
20221129,12:49:26,18966.00,50,153450
20221129,12:50:33,18965.00,250,153450
20221129,12:50:39,18963.00,50,153450
20221129,12:50:50,18960.00,850,153450
20221129,12:51:15,18960.00,50,153150
20221129,12:51:19,18959.50,50,153150
20221129,12:51:23,18958.00,50,153150
20221129,12:51:33,18960.65,100,153150
20221129,12:52:01,18956.25,500,153150
20221129,12:53:25,18958.85,50,153150
20221129,12:53:28,18960.65,450,153150
20221129,12:53:44,18955.15,50,153150
20221129,12:54:31,18955.00,50,153900
20221129,12:55:34,18955.05,50,153900
20221129,12:55:35,18955.00,50,153900
20221129,12:55:56,18959.00,50,153900
20221129,12:57:16,18961.00,50,154050
20221129,12:57:47,18960.25,50,154050
20221129,12:58:38,18960.00,50,154050
20221129,13:00:04,18964.05,200,154200
20221129,13:00:05,18964.15,100,154200
20221129,13:00:36,18964.10,50,154200
20221129,13:00:48,18964.00,50,154200
20221129,13:00:52,18966.00,50,154200
20221129,13:00:55,18965.05,50,154200
20221129,13:01:03,18965.05,50,154200
20221129,13:01:18,18965.00,150,154200
20221129,13:01:21,18965.00,100,154200
20221129,13:01:32,18962.00,50,154200
20221129,13:01:36,18964.35,50,154200
20221129,13:01:58,18965.00,50,154200
20221129,13:02:10,18965.05,50,154200
20221129,13:02:23,18965.65,50,154200
20221129,13:02:50,18965.00,50,154200
20221129,13:03:03,18964.00,50,155100
20221129,13:03:04,18964.50,50,155100
20221129,13:03:35,18961.00,100,155100
20221129,13:03:58,18963.00,50,155100
20221129,13:03:59,18962.90,50,155100
20221129,13:04:15,18963.40,100,155100
20221129,13:04:22,18963.15,50,155100
20221129,13:04:39,18964.20,50,155100
20221129,13:05:16,18964.20,50,155100
20221129,13:07:04,18961.10,50,155450
20221129,13:07:45,18963.75,50,155450
20221129,13:07:46,18965.00,100,155450
20221129,13:08:19,18962.00,100,155450
20221129,13:08:25,18962.00,50,155450
20221129,13:08:27,18962.20,250,155450
20221129,13:08:34,18963.00,50,155450
20221129,13:08:40,18963.70,50,155450
20221129,13:08:50,18963.00,550,155450
20221129,13:08:55,18962.90,50,155450
20221129,13:09:08,18962.90,150,156500
20221129,13:09:09,18962.90,100,156500
20221129,13:09:48,18964.15,100,156500
20221129,13:09:51,18964.15,50,156500
20221129,13:10:09,18964.20,50,156500
20221129,13:10:36,18963.05,50,156500
20221129,13:10:37,18963.25,50,156500
20221129,13:10:40,18963.00,50,156500
20221129,13:10:48,18962.00,50,156500
20221129,13:11:04,18961.90,50,156500
20221129,13:11:31,18962.20,50,156500
20221129,13:11:57,18961.60,50,156500
20221129,13:12:13,18961.00,50,157000
20221129,13:12:21,18961.00,50,157000
20221129,13:13:02,18963.50,50,157000
20221129,13:13:16,18964.40,50,157000
20221129,13:13:18,18963.50,50,157000
20221129,13:13:26,18964.45,50,157000
20221129,13:13:28,18964.45,100,157000
20221129,13:13:58,18960.05,50,157000
20221129,13:14:18,18964.05,50,157000
20221129,13:14:19,18964.05,50,157000
20221129,13:14:30,18964.05,50,157000
20221129,13:14:45,18964.05,50,157000
20221129,13:14:55,18961.50,100,157000
20221129,13:15:05,18964.40,50,157650
20221129,13:15:18,18965.00,50,157650
20221129,13:15:18,18965.70,50,157650
20221129,13:15:21,18965.65,50,157650
20221129,13:15:22,18964.40,50,157650
20221129,13:15:24,18965.70,100,157650
20221129,13:15:25,18963.10,100,157650
20221129,13:15:27,18966.05,50,157650
20221129,13:15:45,18967.10,100,157650
20221129,13:16:00,18966.60,100,157650
20221129,13:16:14,18967.10,50,157650
20221129,13:16:15,18967.10,50,157650
20221129,13:16:23,18967.10,100,157650
20221129,13:17:01,18967.65,50,157650
20221129,13:17:11,18967.00,50,157650
20221129,13:17:22,18967.60,50,157650
20221129,13:17:24,18967.60,50,157650
20221129,13:18:32,18968.60,50,158650
20221129,13:18:42,18969.35,50,158650
20221129,13:18:45,18968.40,50,158650
20221129,13:18:51,18968.60,50,158650
20221129,13:19:16,18968.20,50,158650
20221129,13:19:32,18967.00,50,158650
20221129,13:21:34,18967.00,50,158950
20221129,13:22:08,18964.00,50,158950
20221129,13:22:50,18967.00,50,158950
20221129,13:25:38,18960.70,50,159100
20221129,13:27:05,18961.70,100,159100
20221129,13:27:10,18961.45,50,158950
20221129,13:27:12,18961.35,50,158950
20221129,13:27:34,18962.95,50,158950
20221129,13:28:14,18963.40,50,158950
20221129,13:28:18,18962.95,50,158950
20221129,13:28:26,18962.95,50,158950
20221129,13:28:42,18962.95,50,158950
20221129,13:29:55,18963.50,50,158950
20221129,13:30:15,18963.00,50,159150
20221129,13:30:50,18965.00,50,159150
20221129,13:30:52,18970.00,300,159150
20221129,13:30:53,18970.00,50,159150
20221129,13:31:04,18971.90,100,159150
20221129,13:31:12,18973.00,50,159150
20221129,13:31:17,18974.80,50,159150
20221129,13:31:56,18975.00,50,159150
20221129,13:32:14,18975.00,50,159150
20221129,13:32:15,18974.05,50,159150
20221129,13:32:17,18975.00,50,159150
20221129,13:32:25,18975.00,100,159150
20221129,13:32:31,18975.00,50,159150
20221129,13:32:33,18975.00,150,159150
20221129,13:32:51,18975.00,50,159150
20221129,13:33:09,18975.00,50,159150
20221129,13:33:11,18975.00,50,159550
20221129,13:33:24,18975.95,100,159550
20221129,13:33:40,18975.95,50,159550
20221129,13:34:14,18975.00,50,159550
20221129,13:34:46,18975.00,50,159550
20221129,13:35:57,18973.30,100,159550
20221129,13:36:02,18975.00,200,159550
20221129,13:36:36,18977.00,50,159600
20221129,13:36:43,18977.00,50,159600
20221129,13:37:07,18975.50,50,159600
20221129,13:37:34,18973.85,50,159600
20221129,13:38:21,18966.90,50,159600
20221129,13:38:36,18968.60,50,159600
20221129,13:38:38,18968.20,50,159600
20221129,13:38:41,18968.45,50,159600
20221129,13:38:42,18969.15,100,159600
20221129,13:38:54,18970.00,50,159600
20221129,13:39:04,18973.65,50,159600
20221129,13:39:46,18969.45,50,159750
20221129,13:40:10,18969.45,50,159750
20221129,13:41:02,18973.70,100,159750
20221129,13:41:12,18973.70,50,159750
20221129,13:41:26,18973.85,50,159750
20221129,13:41:40,18974.85,100,159750
20221129,13:41:57,18972.85,50,159750
20221129,13:42:00,18975.00,50,159750
20221129,13:43:42,18971.80,50,160050
20221129,13:43:57,18976.20,50,160050
20221129,13:44:07,18974.95,50,160050
20221129,13:45:40,18972.25,50,160150
20221129,13:45:44,18972.25,200,160150
20221129,13:46:10,18972.05,50,160150
20221129,13:48:25,18967.50,250,160200
20221129,13:48:44,18970.00,100,160200
20221129,13:50:52,18973.95,250,160200
20221129,13:52:58,18973.00,50,160400
20221129,13:53:27,18974.00,50,160400
20221129,13:53:38,18972.45,50,160400
20221129,13:54:43,18970.00,50,160500
20221129,13:54:55,18972.00,50,160500
20221129,13:54:56,18970.00,50,160500
20221129,13:55:04,18967.40,50,160500
20221129,13:55:21,18966.80,50,160500
20221129,13:55:39,18966.80,200,160500
20221129,13:56:06,18966.10,50,160500
20221129,13:56:23,18968.00,50,160500
20221129,13:56:50,18967.35,50,160500
20221129,13:57:18,18967.35,50,160800
20221129,13:57:59,18965.05,50,160800
20221129,13:58:44,18967.05,50,160800
20221129,14:00:03,18969.00,50,160800
20221129,14:00:13,18969.00,50,160800
20221129,14:00:28,18969.00,100,160900
20221129,14:00:33,18967.00,50,160900
20221129,14:00:37,18966.00,50,160900
20221129,14:01:55,18966.00,50,160900
20221129,14:02:14,18968.00,100,160900
20221129,14:02:53,18967.95,50,160900
20221129,14:04:00,18968.00,150,161150
20221129,14:04:05,18967.00,50,161150
20221129,14:04:27,18965.00,50,161150
20221129,14:05:09,18966.05,50,161150
20221129,14:05:33,18965.00,50,161150
20221129,14:05:44,18965.00,50,161150
20221129,14:05:47,18965.00,50,161150
20221129,14:06:34,18964.00,50,161400
20221129,14:06:43,18962.60,50,161400
20221129,14:06:44,18964.10,50,161400
20221129,14:07:38,18966.00,50,161400
20221129,14:07:45,18969.60,150,161400
20221129,14:07:54,18966.70,50,161400
20221129,14:08:40,18969.00,150,161400
20221129,14:09:04,18969.00,50,161400
20221129,14:09:18,18968.00,50,161750
20221129,14:10:50,18968.45,50,161750
20221129,14:11:01,18968.00,50,161750
20221129,14:11:11,18968.00,50,161750
20221129,14:11:33,18965.00,50,161750
20221129,14:11:38,18965.00,50,161750
20221129,14:12:25,18963.00,50,162000
20221129,14:13:18,18964.50,50,162000
20221129,14:17:31,18966.65,50,162100
20221129,14:17:32,18964.55,50,162100
20221129,14:17:48,18967.60,250,162100
20221129,14:17:56,18964.50,50,162100
20221129,14:18:36,18965.00,50,162100
20221129,14:18:37,18965.00,50,162400
20221129,14:18:38,18965.00,100,162400
20221129,14:18:39,18965.00,50,162400
20221129,14:18:49,18965.55,50,162400
20221129,14:18:55,18965.20,50,162400
20221129,14:19:35,18967.00,100,162400
20221129,14:19:57,18965.25,50,162400
20221129,14:20:03,18965.10,50,162400
20221129,14:20:45,18970.00,100,162400
20221129,14:21:55,18965.30,50,162400
20221129,14:22:06,18965.00,50,162800
20221129,14:22:14,18962.25,600,162800
20221129,14:22:15,18960.00,100,162800
20221129,14:22:20,18959.00,100,162800
20221129,14:23:05,18956.85,50,162800
20221129,14:23:13,18955.00,100,162800
20221129,14:23:14,18955.00,250,162800
20221129,14:23:30,18954.00,150,162800
20221129,14:23:31,18954.00,50,162800
20221129,14:23:38,18953.00,50,162800
20221129,14:23:50,18954.45,100,162800
20221129,14:24:04,18950.50,100,162800
20221129,14:24:05,18950.00,250,162800
20221129,14:24:06,18947.00,50,162800
20221129,14:24:07,18947.00,50,162800
20221129,14:24:15,18948.85,100,162800
20221129,14:24:26,18949.90,100,164250
20221129,14:24:28,18950.75,400,164250
20221129,14:24:31,18950.00,50,164250
20221129,14:24:46,18949.65,100,164250
20221129,14:25:00,18949.65,500,164250
20221129,14:25:20,18947.70,50,164250
20221129,14:25:32,18948.00,100,164250
20221129,14:25:35,18947.00,50,164250
20221129,14:25:47,18951.55,50,164250
20221129,14:25:52,18952.50,50,164250
20221129,14:26:00,18952.80,50,164250
20221129,14:26:05,18952.50,150,164250
20221129,14:26:21,18952.75,50,164250
20221129,14:27:49,18950.45,50,165050
20221129,14:27:53,18947.00,50,165050
20221129,14:27:54,18947.00,50,165050
20221129,14:28:55,18947.70,150,165050
20221129,14:29:44,18950.00,50,165050
20221129,14:29:56,18948.00,50,165050
20221129,14:30:15,18949.95,50,165050
20221129,14:30:16,18950.00,100,165050
20221129,14:30:23,18953.00,100,165300
20221129,14:30:38,18953.85,50,165300
20221129,14:31:23,18957.50,100,165300
20221129,14:32:07,18953.15,150,165300
20221129,14:32:13,18954.85,50,165300
20221129,14:32:31,18953.15,50,165300
20221129,14:32:52,18954.05,300,165300
20221129,14:33:30,18954.00,500,165750
20221129,14:33:49,18951.30,50,165750
20221129,14:34:37,18951.15,100,165750
20221129,14:35:27,18951.15,50,165750
20221129,14:36:26,18950.00,300,166300
20221129,14:36:27,18946.60,50,166300
20221129,14:36:33,18944.00,200,166300
20221129,14:36:34,18944.00,50,166300
20221129,14:36:43,18941.00,50,166300
20221129,14:36:51,18941.00,50,166300
20221129,14:36:53,18941.00,50,166300
20221129,14:36:54,18941.00,100,166300
20221129,14:36:55,18941.00,50,166300
20221129,14:37:01,18941.05,50,166300
20221129,14:37:07,18941.00,50,166300
20221129,14:37:13,18940.00,150,166300
20221129,14:37:14,18939.90,150,166300
20221129,14:37:15,18939.70,50,166300
20221129,14:37:20,18935.75,50,166300
20221129,14:37:23,18935.05,50,166300
20221129,14:37:51,18935.30,50,166300
20221129,14:38:00,18935.20,50,166300
20221129,14:38:09,18935.05,50,166300
20221129,14:38:11,18935.00,50,166300
20221129,14:38:13,18935.00,50,166300
20221129,14:38:14,18935.00,50,166300
20221129,14:38:25,18937.30,100,166300
20221129,14:38:27,18940.65,200,166300
20221129,14:38:38,18937.00,150,166300
20221129,14:38:48,18938.65,350,166300
20221129,14:38:49,18938.65,150,166300
20221129,14:39:02,18937.00,50,166300
20221129,14:39:08,18935.05,50,166300
20221129,14:39:19,18938.05,50,166300
20221129,14:39:44,18938.05,50,167450
20221129,14:39:49,18935.30,150,167450
20221129,14:39:50,18935.30,50,167450
20221129,14:40:05,18939.25,100,167450
20221129,14:40:43,18939.25,100,167450
20221129,14:40:47,18939.25,100,167450
20221129,14:41:27,18939.25,100,167450
20221129,14:41:32,18938.00,50,167450
20221129,14:41:42,18935.05,50,167450
20221129,14:41:48,18935.05,100,167450
20221129,14:41:58,18935.05,50,167450
20221129,14:42:01,18935.05,100,167450
20221129,14:42:04,18935.00,50,167450
20221129,14:42:26,18935.00,50,167500
20221129,14:42:32,18935.05,50,167500
20221129,14:42:37,18937.70,150,167500
20221129,14:42:41,18939.30,350,167500
20221129,14:43:00,18940.40,500,167500
20221129,14:43:34,18941.00,50,167500
20221129,14:44:43,18936.45,50,167500
20221129,14:45:07,18936.00,50,167500
20221129,14:45:11,18935.00,100,167500
20221129,14:45:24,18939.20,50,167500
20221129,14:45:31,18939.55,300,168200
20221129,14:45:32,18939.55,50,168200
20221129,14:45:37,18941.10,150,168200
20221129,14:45:46,18943.85,100,168200
20221129,14:45:51,18938.70,100,168200
20221129,14:46:07,18941.05,50,168200
20221129,14:46:43,18943.65,50,168200
20221129,14:46:49,18942.85,50,168200
20221129,14:46:53,18941.05,100,168200
20221129,14:47:05,18939.60,50,168200
20221129,14:47:21,18938.85,50,168200
20221129,14:48:12,18938.85,50,168200
20221129,14:48:17,18936.50,100,168200
20221129,14:48:18,18934.95,50,168200
20221129,14:48:31,18933.55,100,168900
20221129,14:49:03,18933.35,250,168900
20221129,14:49:05,18934.60,100,168900
20221129,14:49:22,18934.95,50,168900
20221129,14:49:38,18935.00,200,168900
20221129,14:50:17,18934.60,50,168900
20221129,14:51:19,18934.60,100,168900
20221129,14:52:02,18935.00,50,168950
20221129,14:52:39,18937.00,100,168950
20221129,14:52:57,18935.05,100,168950
20221129,14:53:24,18935.15,50,168950
20221129,14:53:38,18935.15,50,168950
20221129,14:53:51,18935.00,50,168950
20221129,14:54:16,18937.15,50,168950
20221129,14:54:21,18935.00,50,168950
20221129,14:54:44,18934.00,100,169250
20221129,14:54:50,18932.15,200,169250
20221129,14:54:55,18932.00,50,169250
20221129,14:54:59,18930.00,200,169250
20221129,14:55:36,18934.95,50,169250
20221129,14:55:43,18936.00,50,169250
20221129,14:55:49,18936.25,50,169250
20221129,14:56:17,18946.00,50,169250
20221129,14:57:16,18940.55,100,169250
20221129,14:57:40,18940.90,500,169600
20221129,14:58:39,18948.05,50,169600
20221129,14:58:51,18944.30,50,169600
20221129,14:59:45,18940.90,50,169600
20221129,15:00:45,18947.00,100,170050
20221129,15:01:05,18940.00,150,170050
20221129,15:01:15,18939.25,50,170050
20221129,15:01:24,18940.00,50,170050
20221129,15:01:29,18942.40,50,170050
20221129,15:01:39,18941.90,100,170050
20221129,15:01:53,18939.90,50,170050
20221129,15:01:59,18938.45,100,170050
20221129,15:02:10,18938.00,100,170050
20221129,15:02:44,18939.15,50,170050
20221129,15:02:49,18938.05,150,170050
20221129,15:03:32,18936.80,50,170500
20221129,15:03:35,18940.65,100,170500
20221129,15:03:46,18942.55,250,170500
20221129,15:04:19,18937.80,50,170500
20221129,15:04:36,18937.80,50,170500
20221129,15:04:37,18938.95,600,170500
20221129,15:04:40,18937.00,50,170500
20221129,15:04:48,18931.40,50,170500
20221129,15:05:08,18934.60,50,170500
20221129,15:05:26,18934.00,50,170500
20221129,15:05:29,18935.00,50,170500
20221129,15:05:49,18936.00,50,170500
20221129,15:06:01,18936.00,100,170500
20221129,15:06:02,18936.00,100,170500
20221129,15:06:18,18937.25,50,170500
20221129,15:06:23,18933.80,50,170500
20221129,15:06:41,18930.00,50,170800
20221129,15:06:46,18928.00,100,170800
20221129,15:06:48,18927.40,50,170800
20221129,15:06:58,18928.00,50,170800
20221129,15:07:01,18928.00,50,170800
20221129,15:07:10,18925.00,100,170800
20221129,15:08:47,18925.15,50,170800
20221129,15:09:47,18928.65,50,170800
20221129,15:09:59,18930.00,50,170800
20221129,15:10:11,18929.95,50,170800
20221129,15:10:16,18928.95,50,170800
20221129,15:10:32,18928.50,50,170800
20221129,15:10:36,18929.50,100,170800
20221129,15:10:37,18929.25,150,170800
20221129,15:10:41,18929.00,50,170800
20221129,15:11:02,18928.00,50,170800
20221129,15:11:03,18927.90,50,170800
20221129,15:11:05,18927.60,100,170800
20221129,15:11:19,18925.00,100,170800
20221129,15:11:41,18922.00,150,170800
20221129,15:12:02,18921.00,50,170800
20221129,15:12:05,18920.00,250,170800
20221129,15:12:06,18920.00,50,170800
20221129,15:12:08,18920.00,100,170800
20221129,15:12:18,18920.80,50,170800
20221129,15:12:32,18923.35,100,170950
20221129,15:12:39,18923.85,50,170950
20221129,15:12:59,18923.35,50,170950
20221129,15:13:01,18924.95,250,170950
20221129,15:13:02,18925.00,350,170950
20221129,15:13:15,18923.40,50,170950
20221129,15:13:44,18922.40,50,170950
20221129,15:13:58,18923.05,50,170950
20221129,15:14:02,18922.35,50,170950
20221129,15:14:03,18921.00,50,170950
20221129,15:14:04,18920.00,100,170950
20221129,15:14:21,18920.00,50,170950
20221129,15:14:30,18920.05,50,170950
20221129,15:15:08,18924.65,450,170950
20221129,15:15:23,18922.30,50,170950
20221129,15:15:31,18923.30,50,171700
20221129,15:15:47,18923.30,50,171700
20221129,15:16:51,18925.05,100,171700
20221129,15:17:13,18926.30,50,171700
20221129,15:17:38,18926.00,50,171700
20221129,15:17:41,18926.00,100,171700
20221129,15:17:46,18925.00,50,171700
20221129,15:17:50,18925.00,50,171700
20221129,15:18:20,18925.00,50,171700
20221129,15:18:31,18925.00,50,171700
20221129,15:18:40,18925.00,50,171500
20221129,15:18:50,18924.00,50,171500
20221129,15:19:01,18924.00,100,171500
20221129,15:19:03,18924.00,500,171500
20221129,15:19:04,18924.00,200,171500
20221129,15:19:08,18924.00,50,171500
20221129,15:19:20,18924.00,100,171500
20221129,15:19:33,18924.00,200,171500
20221129,15:19:34,18923.55,50,171500
20221129,15:19:38,18923.55,100,171500
20221129,15:19:45,18923.00,50,171500
20221129,15:19:50,18922.00,50,171500
20221129,15:19:57,18922.00,50,171500
20221129,15:19:59,18922.00,50,171500
20221129,15:20:05,18922.00,150,171500
20221129,15:20:09,18922.00,50,171500
20221129,15:21:10,18920.00,200,171500
20221129,15:21:13,18920.00,50,171500
20221129,15:21:16,18920.00,100,171500
20221129,15:21:17,18920.00,50,171500
20221129,15:21:18,18920.00,400,171500
20221129,15:21:21,18920.80,100,171500
20221129,15:21:30,18920.00,50,171500
20221129,15:21:32,18920.00,50,173300
20221129,15:21:33,18920.00,100,173300
20221129,15:21:34,18920.00,200,173300
20221129,15:21:35,18920.00,50,173300
20221129,15:21:37,18919.00,100,173300
20221129,15:21:46,18919.00,50,173300
20221129,15:21:47,18918.00,250,173300
20221129,15:21:56,18918.00,50,173300
20221129,15:21:57,18918.00,200,173300
20221129,15:22:01,18918.00,850,173300
20221129,15:22:13,18917.00,50,173300
20221129,15:22:33,18915.00,100,173300
20221129,15:22:34,18914.85,250,173300
20221129,15:22:40,18914.10,100,173300
20221129,15:22:49,18915.00,50,173300
20221129,15:22:59,18915.00,50,173300
20221129,15:23:02,18913.05,50,173300
20221129,15:23:34,18915.95,200,173300
20221129,15:23:37,18913.00,100,173300
20221129,15:23:42,18912.05,150,173300
20221129,15:23:53,18912.05,50,173300
20221129,15:23:55,18912.05,50,173300
20221129,15:24:01,18911.70,200,173300
20221129,15:25:00,18915.25,100,174600
20221129,15:25:01,18915.25,50,174600
20221129,15:25:11,18912.80,50,174600
20221129,15:25:19,18915.95,50,174600
20221129,15:25:54,18914.60,50,174600
20221129,15:26:00,18915.95,50,174600
20221129,15:26:06,18916.00,150,174600
20221129,15:26:21,18915.95,50,174600
20221129,15:26:22,18916.00,250,174600
20221129,15:26:27,18916.00,50,174600
20221129,15:26:30,18917.75,50,174600
20221129,15:26:35,18916.00,50,174600
20221129,15:26:44,18916.00,50,174600
20221129,15:27:02,18919.10,200,174600
20221129,15:27:03,18916.20,400,174600
20221129,15:27:26,18916.00,100,174600
20221129,15:27:40,18916.00,50,175250
20221129,15:27:42,18916.00,50,175250
20221129,15:27:43,18918.55,50,175250
20221129,15:27:47,18916.00,50,175250
20221129,15:27:52,18916.05,100,175250
20221129,15:28:13,18916.05,50,175250
20221129,15:28:16,18916.05,50,175250
20221129,15:28:35,18916.05,50,175250
20221129,15:28:39,18920.25,100,175250
20221129,15:28:52,18920.30,100,175250
20221129,15:28:53,18916.05,150,175250
20221129,15:28:57,18916.05,50,175250
20221129,15:29:15,18917.00,50,175250
20221129,15:29:19,18920.65,50,175250
20221129,15:29:27,18921.00,50,175250
20221129,15:29:28,18921.15,50,175250
20221129,15:29:30,18919.80,100,175250
20221129,15:29:39,18919.80,50,175250
20221129,15:29:40,18919.80,50,175250
20221129,15:29:45,18916.50,150,175250
